Pclass,Sex,Age,SibSp,Fare,AgeGroup,Fare_log,Fare_sqrt,IsChild,IsSenior,HighFare,FamilySize,IsAlone,Pclass_sq,Age_Fare
0.6692122062371387,-0.5739197559379918,0.4528261913886482,-0.43351470184643787,-0.4808710903819731,0.054515825249022064,-0.33077870093962,-0.4194938968634089,-0.1414213562373095,-0.1540215171241547,1.001784122738741,-0.43351470184643776,0.45436946739765194,0.7003579228389658,-0.33541583347902165
0.6692122062371387,1.7424038633513133,-1.6759628591898297,-0.43351470184643787,-0.5401066356754632,-1.8569452975448113,-0.43247221897640953,-0.5041866884416866,7.071067811865475,-0.1540215171241547,-0.9982190546862897,-0.43351470184643776,0.45436946739765194,0.7003579228389658,-0.7359459542294102
-0.7264310937592733,1.7424038633513133,-1.2028986257279457,1.8393988283951663,1.1631095841009413,-1.8569452975448113,1.2318567147247172,1.2687740898556952,-0.1414213562373095,-0.1540215171241547,1.001784122738741,1.8393988283951663,-2.2008521077073766,-0.9408316958438236,0.17003218310558385
0.6692122062371387,-0.5739197559379918,0.5710922497541192,-0.43351470184643787,-0.5381352767280958,0.054515825249022064,-0.4289760581161205,-0.5013161478584928,-0.1414213562373095,-0.1540215171241547,-0.9982190546862897,-0.43351470184643776,0.45436946739765194,0.7003579228389658,-0.3642485618708836
-0.7264310937592733,-0.5739197559379918,-1.3211646840934168,-0.43351470184643787,-0.21115506670803022,-1.8569452975448113,0.06174088840014314,-0.067816366546815,-0.1414213562373095,-0.1540215171241547,1.001784122738741,-0.43351470184643776,0.45436946739765194,-0.9408316958438236,-0.5260121827965778
-2.1220743937556854,-0.5739197559379918,-0.13850410043870676,-0.43351470184643787,1.326201626246602,0.054515825249022064,1.325733512559989,1.3987154382249534,-0.1414213562373095,-0.1540215171241547,1.001784122738741,-0.43351470184643776,0.45436946739765194,-1.9255454670534973,0.8543927046273614
-2.1220743937556854,-0.5739197559379918,-0.25677015880417775,-0.43351470184643787,1.5896055102140705,0.054515825249022064,1.4660759387544438,1.6003370159502432,-0.1414213562373095,-0.1540215171241547,1.001784122738741,-0.43351470184643776,0.45436946739765194,-1.9255454670534973,0.9691493209618983
-2.1220743937556854,-0.5739197559379918,-0.02023804207323576,-0.43351470184643787,1.5422170739792782,0.054515825249022064,1.4417647418231445,1.5647633593038992,-0.1414213562373095,-0.1540215171241547,1.001784122738741,-0.43351470184643776,0.45436946739765194,-1.9255454670534973,1.0819230596882068
0.6692122062371387,-0.5739197559379918,-0.13850410043870676,-0.43351470184643787,-0.6163261965155029,0.054515825249022064,-0.5742117895602027,-0.6181730460941338,-0.1414213562373095,-0.1540215171241547,-0.9982190546862897,-0.43351470184643776,0.45436946739765194,0.7003579228389658,-0.5374108187538605
0.6692122062371387,1.7424038633513133,-0.13850410043870676,-0.43351470184643787,-0.567753049374841,0.054515825249022064,-0.4823693731485475,-0.5448419814217875,-0.1414213562373095,-0.1540215171241547,-0.9982190546862897,-0.43351470184643776,0.45436946739765194,0.7003579228389658,-0.5026086004587524
0.6692122062371387,1.7424038633513133,-0.6115683339005907,1.8393988283951663,0.20112432853466125,0.054515825249022064,0.515472368027794,0.3939577288063111,-0.1414213562373095,-0.1540215171241547,1.001784122738741,1.8393988283951663,-2.2008521077073766,0.7003579228389658,-0.10547527322363419
-0.7264310937592733,-0.5739197559379918,-0.13850410043870676,-0.43351470184643787,-1.3010891001082492,0.054515825249022064,-3.7758951430624066,-2.721788766034889,-0.1414213562373095,-0.1540215171241547,-0.9982190546862897,-0.43351470184643776,0.45436946739765194,-0.9408316958438236,-1.0280372132556281
-2.1220743937556854,-0.5739197559379918,-0.13850410043870676,-0.43351470184643787,-1.3010891001082492,0.054515825249022064,-3.7758951430624066,-2.721788766034889,-0.1414213562373095,-0.1540215171241547,-0.9982190546862897,-0.43351470184643776,0.45436946739765194,-1.9255454670534973,-1.0280372132556281
0.6692122062371387,1.7424038633513133,-0.49330227553511974,-0.43351470184643787,-0.5641989166572315,0.054515825249022064,-0.47586222233462755,-0.5395730424086979,-0.1414213562373095,-0.1540215171241547,-0.9982190546862897,-0.43351470184643776,0.45436946739765194,0.7003579228389658,-0.5566308591711937
0.6692122062371387,-0.5739197559379918,-1.0846325673624748,-0.43351470184643787,-0.5499823857867939,-1.8569452975448113,-0.45010876863369487,-0.51862329107446,-0.1414213562373095,-0.1540215171241547,-0.9982190546862897,-0.43351470184643776,0.45436946739765194,0.7003579228389658,-0.6436364049089639
0.6692122062371387,-0.5739197559379918,-0.13850410043870676,-0.43351470184643787,-0.5665683384689711,0.054515825249022064,-0.4801972249691366,-0.5430842526052514,-0.1414213562373095,-0.1540215171241547,-0.9982190546862897,-0.43351470184643776,0.45436946739765194,0.7003579228389658,-0.5017597658661889
0.6692122062371387,-0.5739197559379918,-0.13850410043870676,-0.43351470184643787,-0.5622275577098642,0.054515825249022064,-0.4722649021749008,-0.5366560153840662,-0.1414213562373095,-0.1540215171241547,-0.9982190546862897,-0.43351470184643776,0.45436946739765194,0.7003579228389658,-0.49864963591903577
0.6692122062371387,-0.5739197559379918,1.1624225415814742,-0.43351470184643787,-0.5499823857867939,0.054515825249022064,-0.45010876863369487,-0.51862329107446,-0.1414213562373095,-0.1540215171241547,-0.9982190546862897,-0.43351470184643776,0.45436946739765194,0.7003579228389658,-0.27845563697963305
-2.1220743937556854,1.7424038633513133,0.4528261913886482,1.8393988283951663,3.7315628280266746,0.054515825249022064,2.287847730398324,2.981097919508344,-0.1414213562373095,-0.1540215171241547,1.001784122738741,1.8393988283951663,-2.2008521077073766,-1.9255454670534973,3.2217138054564196
-0.7264310937592733,-0.5739197559379918,-0.13850410043870676,-0.43351470184643787,-0.06898975800365384,0.054515825249022064,0.2339344639501207,0.09996529011649863,-0.1414213562373095,-0.1540215171241547,1.001784122738741,-0.43351470184643776,0.45436946739765194,-0.9408316958438236,-0.14524923698947192
0.6692122062371387,-0.5739197559379918,-0.9663665089970037,-0.43351470184643787,-0.48008444234047554,0.054515825249022064,-0.32947297427453565,-0.41839012829598876,-0.1414213562373095,-0.1540215171241547,1.001784122738741,-0.43351470184643776,0.45436946739765194,0.7003579228389658,-0.5868554337706909
0.6692122062371387,1.7424038633513133,0.9258904248505322,-0.43351470184643787,-0.3924158353061101,0.054515825249022064,-0.19056533517249805,-0.2985278915854373,-0.1414213562373095,-0.1540215171241547,1.001784122738741,-0.43351470184643776,0.45436946739765194,0.7003579228389658,-0.16771303817124464
0.6692122062371387,-0.5739197559379918,-1.2028986257279457,-0.43351470184643787,-0.5641989166572315,-1.8569452975448113,-0.47586222233462755,-0.5395730424086979,-0.1414213562373095,-0.1540215171241547,-0.9982190546862897,-0.43351470184643776,0.45436946739765194,0.7003579228389658,-0.6697683841514581
0.6692122062371387,1.7424038633513133,1.2806885999469453,1.8393988283951663,-0.40307823345893834,0.054515825249022064,-0.20679665455376148,-0.31278715096167614,-0.1414213562373095,-0.1540215171241547,1.001784122738741,1.8393988283951663,-2.2008521077073766,0.7003579228389658,-0.10887061159388857
0.6692122062371387,-0.5739197559379918,-0.8481004506315327,-0.43351470184643787,-0.6159281336511306,0.054515825249022064,-0.5734361148767743,-0.6175617033681446,-0.1414213562373095,-0.1540215171241547,-0.9982190546862897,-0.43351470184643776,0.45436946739765194,0.7003579228389658,-0.6423209538146597
-2.1220743937556854,-0.5739197559379918,1.5172207166778873,1.8393988283951663,3.6273082683101316,1.9659769480428555,2.25663544457916,2.9217193462678863,-0.1414213562373095,-0.1540215171241547,1.001784122738741,1.8393988283951663,-2.2008521077073766,-1.9255454670534973,4.268690644341309
-2.1220743937556854,1.7424038633513133,-1.2028986257279457,-0.43351470184643787,1.5422170739792782,-1.8569452975448113,1.4417647418231445,1.5647633593038992,-0.1414213562373095,-0.1540215171241547,1.001784122738741,-0.43351470184643776,0.45436946739765194,-1.9255454670534973,0.3543505517765395
0.6692122062371387,1.7424038633513133,-1.0846325673624748,-0.43351470184643787,-0.48008444234047554,-1.8569452975448113,-0.32947297427453565,-0.41839012829598876,-0.1414213562373095,-0.1540215171241547,1.001784122738741,-0.43351470184643776,0.45436946739765194,0.7003579228389658,-0.6078640899366403
0.6692122062371387,1.7424038633513133,-0.13850410043870676,-0.43351470184643787,-0.578017384663297,0.054515825249022064,-0.5013200127932815,-0.5601307790021572,-0.1414213562373095,-0.1540215171241547,-0.9982190546862897,-0.43351470184643776,0.45436946739765194,0.7003579228389658,-0.5099629033687235
0.6692122062371387,-0.5739197559379918,0.3345601330231772,-0.43351470184643787,-0.5085175040813508,0.054515825249022064,-0.3773954977098398,-0.45862726205313425,-0.1414213562373095,-0.1540215171241547,-0.9982190546862897,-0.43351470184643776,0.45436946739765194,0.7003579228389658,-0.37904253619842093
-2.1220743937556854,-0.5739197559379918,0.21629407465770623,-0.43351470184643787,3.4847448967413834,0.054515825249022064,2.2128888916499427,2.839495701009362,-0.1414213562373095,-0.1540215171241547,1.001784122738741,-0.43351470184643776,0.45436946739765194,-1.9255454670534973,2.7683628907283215
0.6692122062371387,-0.5739197559379918,-0.13850410043870676,-0.43351470184643787,0.16795242317030679,0.054515825249022064,0.48357937775966836,0.3593647052607798,-0.1414213562373095,-0.1540215171241547,1.001784122738741,-0.43351470184643776,0.45436946739765194,0.7003579228389658,0.024517681523250404
-0.7264310937592733,-0.5739197559379918,2.699881300332597,-0.43351470184643787,-0.02160132176886171,1.9659769480428555,0.2872528256049958,0.1537178163712299,-0.1414213562373095,6.492599337233598,1.001784122738741,-0.43351470184643776,0.45436946739765194,-0.9408316958438236,0.674482455257673
-2.1220743937556854,-0.5739197559379918,0.8076243664850612,-0.43351470184643787,1.1998356221829052,0.054515825249022064,1.2535081678191073,1.298401475067583,-0.1414213562373095,-0.1540215171241547,1.001784122738741,-0.43351470184643776,0.45436946739765194,-1.9255454670534973,1.275821133046666
-2.1220743937556854,-0.5739197559379918,-0.13850410043870676,-0.43351470184643787,1.2152368639592128,0.054515825249022064,1.2624967838426646,1.3107610816512048,-0.1414213562373095,-0.1540215171241547,1.001784122738741,-0.43351470184643776,0.45436946739765194,-1.9255454670534973,0.774887461349483
0.6692122062371387,-0.5739197559379918,-0.8481004506315327,-0.43351470184643787,-0.44809724788199085,0.054515825249022064,-0.2773073045408124,-0.3739474730651225,-0.1414213562373095,-0.1540215171241547,1.001784122738741,-0.43351470184643776,0.45436946739765194,0.7003579228389658,-0.5478393580339278
-2.1220743937556854,-0.5739197559379918,-1.2028986257279457,1.8393988283951663,3.7315628280266746,-1.8569452975448113,2.287847730398324,2.981097919508344,-0.1414213562373095,-0.1540215171241547,1.001784122738741,1.8393988283951663,-2.2008521077073766,-1.9255454670534973,1.4187891308513088
-2.1220743937556854,1.7424038633513133,0.09802801629223523,-0.43351470184643787,1.6369939464488625,0.054515825249022064,1.490004266238657,1.6356202608243862,-0.1414213562373095,-0.1540215171241547,1.001784122738741,-0.43351470184643776,0.45436946739765194,-1.9255454670534973,1.2274375612705402
0.6692122062371387,1.7424038633513133,-1.9124949759207717,-0.43351470184643787,-0.6159281336511306,-1.8569452975448113,-0.5734361148767743,-0.6175617033681446,7.071067811865475,-0.1540215171241547,-0.9982190546862897,-0.43351470184643776,0.45436946739765194,0.7003579228389658,-0.8001139690405104
0.6692122062371387,-0.5739197559379918,1.7537528334088293,-0.43351470184643787,-0.5381352767280958,1.9659769480428555,-0.4289760581161205,-0.5013161478584928,-0.1414213562373095,-0.1540215171241547,-0.9982190546862897,-0.43351470184643776,0.45436946739765194,0.7003579228389658,-0.16901660558125295
-0.7264310937592733,-0.5739197559379918,-1.2028986257279457,-0.43351470184643787,-0.06898975800365384,-1.8569452975448113,0.2339344639501207,0.09996529011649863,-0.1414213562373095,-0.1540215171241547,1.001784122738741,-0.43351470184643776,0.45436946739765194,-0.9408316958438236,-0.42900251507502213
0.6692122062371387,-0.5739197559379918,-0.37503621716964874,-0.43351470184643787,0.47953139141406514,0.054515825249022064,0.7596423911547429,0.6704153645317119,-0.1414213562373095,-0.1540215171241547,1.001784122738741,-0.43351470184643776,0.45436946739765194,0.7003579228389658,0.15663272275154402
-0.7264310937592733,-0.5739197559379918,1.5172207166778873,1.8393988283951663,1.2578864565705257,1.9659769480428555,1.287114345810333,1.344791641496952,-0.1414213562373095,-0.1540215171241547,1.001784122738741,1.8393988283951663,-2.2008521077073766,-0.9408316958438236,1.7221868666504736
0.6692122062371387,1.7424038633513133,-0.13850410043870676,1.8393988283951663,0.9877723700322104,0.054515825249022064,1.124010034011741,1.1241826254621172,-0.1414213562373095,-0.1540215171241547,1.001784122738741,1.8393988283951663,-2.2008521077073766,0.7003579228389658,0.6119112195772696
0.6692122062371387,1.7424038633513133,-0.13850410043870676,-0.43351470184643787,-0.5665683384689711,0.054515825249022064,-0.4801972249691366,-0.5430842526052514,-0.1414213562373095,-0.1540215171241547,-0.9982190546862897,-0.43351470184643776,0.45436946739765194,0.7003579228389658,-0.5017597658661889
-2.1220743937556854,1.7424038633513133,0.6893583081195902,1.8393988283951663,3.7315628280266746,0.054515825249022064,2.287847730398324,2.981097919508344,-0.1414213562373095,-0.1540215171241547,1.001784122738741,1.8393988283951663,-2.2008521077073766,-1.9255454670534973,3.4792744732571497
0.6692122062371387,-0.5739197559379918,1.5172207166778873,-0.43351470184643787,-0.5855237129628881,1.9659769480428555,-0.5153298281602011,-0.5713803173868114,-0.1414213562373095,-0.1540215171241547,-0.9982190546862897,-0.43351470184643776,0.45436946739765194,0.7003579228389658,-0.25899307239299596
0.6692122062371387,-0.5739197559379918,-0.49330227553511974,-0.43351470184643787,-0.5760460257159296,0.054515825249022064,-0.49766198498716463,-0.5571860481146111,-0.1414213562373095,-0.1540215171241547,-0.9982190546862897,-0.43351470184643776,0.45436946739765194,0.7003579228389658,-0.5642097394619403
0.6692122062371387,-0.5739197559379918,-0.13850410043870676,-0.43351470184643787,0.06922335511874084,0.054515825249022064,0.38449162851319213,0.25402739328809937,-0.1414213562373095,-0.1540215171241547,1.001784122738741,-0.43351470184643776,0.45436946739765194,0.7003579228389658,-0.04622079808263072
0.6692122062371387,-0.5739197559379918,-1.0254995381797392,-0.43351470184643787,-0.6139567747037633,0.054515825249022064,-0.5696005041005445,-0.6145367154285629,-0.1414213562373095,-0.1540215171241547,-0.9982190546862897,-0.43351470184643776,0.45436946739765194,0.7003579228389658,-0.667585666627723
-0.7264310937592733,1.7424038633513133,-0.02023804207323576,-0.43351470184643787,-0.30593193917761446,0.054515825249022064,-0.06495057845514184,-0.18583032924293927,-0.1414213562373095,-0.1540215171241547,1.001784122738741,-0.43351470184643776,0.45436946739765194,-0.9408316958438236,-0.2895511177252859
0.6692122062371387,-0.5739197559379918,-0.07937107125597126,-0.43351470184643787,-0.6159281336511306,0.054515825249022064,-0.5734361148767743,-0.6175617033681446,-0.1414213562373095,-0.1540215171241547,-0.9982190546862897,-0.43351470184643776,0.45436946739765194,0.7003579228389658,-0.5283593317071008
-0.7264310937592733,-0.5739197559379918,-0.02023804207323576,1.8393988283951663,1.326201626246602,0.054515825249022064,1.325733512559989,1.3987154382249534,-0.1414213562373095,-0.1540215171241547,1.001784122738741,1.8393988283951663,-2.2008521077073766,-0.9408316958438236,0.9216223445517536
-0.7264310937592733,-0.5739197559379918,-0.49330227553511974,-0.43351470184643787,-0.06898975800365384,0.054515825249022064,0.2339344639501207,0.09996529011649863,-0.1414213562373095,-0.1540215171241547,1.001784122738741,-0.43351470184643776,0.45436946739765194,-0.9408316958438236,-0.23983366301798867
0.6692122062371387,-0.5739197559379918,-0.13850410043870676,-0.43351470184643787,-0.567753049374841,0.054515825249022064,-0.4823693731485475,-0.5448419814217875,-0.1414213562373095,-0.1540215171241547,-0.9982190546862897,-0.43351470184643776,0.45436946739765194,0.7003579228389658,-0.5026086004587524
0.6692122062371387,-0.5739197559379918,-0.13850410043870676,-0.43351470184643787,-0.5527498704629057,0.054515825249022064,-0.45508800947283107,-0.5226858652188192,-0.1414213562373095,-0.1540215171241547,-0.9982190546862897,-0.43351470184643776,0.45436946739765194,0.7003579228389658,-0.49185895917852684
-0.7264310937592733,-0.5739197559379918,1.1624225415814742,-0.43351470184643787,-0.06898975800365384,0.054515825249022064,0.2339344639501207,0.09996529011649863,-0.1414213562373095,-0.1540215171241547,1.001784122738741,-0.43351470184643776,0.45436946739765194,-0.9408316958438236,0.20156032511508942
0.6692122062371387,1.7424038633513133,-0.13850410043870676,-0.43351470184643787,-0.5665683384689711,0.054515825249022064,-0.4801972249691366,-0.5430842526052514,-0.1414213562373095,-0.1540215171241547,-0.9982190546862897,-0.43351470184643776,0.45436946739765194,0.7003579228389658,-0.5017597658661889
0.6692122062371387,-0.5739197559379918,-0.13850410043870676,-0.43351470184643787,-0.5855237129628881,0.054515825249022064,-0.5153298281602011,-0.5713803173868114,-0.1414213562373095,-0.1540215171241547,-0.9982190546862897,-0.43351470184643776,0.45436946739765194,0.7003579228389658,-0.5153411193472066
-0.7264310937592733,-0.5739197559379918,2.936413417063539,-0.43351470184643787,1.1631095841009413,1.9659769480428555,1.2318567147247172,1.2687740898556952,-0.1414213562373095,6.492599337233598,1.001784122738741,-0.43351470184643776,0.45436946739765194,-0.9408316958438236,2.377002123770974
-2.1220743937556854,-0.5739197559379918,1.2806885999469453,-0.43351470184643787,-1.3010891001082492,0.054515825249022064,-3.7758951430624066,-2.721788766034889,-0.1414213562373095,-0.1540215171241547,-0.9982190546862897,-0.43351470184643776,0.45436946739765194,-1.9255454670534973,-1.0280372132556281
-0.7264310937592733,-0.5739197559379918,-0.49330227553511974,-0.43351470184643787,-0.06898975800365384,0.054515825249022064,0.2339344639501207,0.09996529011649863,-0.1414213562373095,-0.1540215171241547,1.001784122738741,-0.43351470184643776,0.45436946739765194,-0.9408316958438236,-0.23983366301798867
0.6692122062371387,1.7424038633513133,-1.2028986257279457,1.8393988283951663,-0.5566925883576406,-1.8569452975448113,-0.46221002403799905,-0.5284866388014449,-0.1414213562373095,-0.1540215171241547,-0.9982190546862897,1.8393988283951663,-2.2008521077073766,0.7003579228389658,-0.666118880451773
0.6692122062371387,-0.5739197559379918,0.09802801629223523,1.8393988283951663,0.22481854665205747,0.054515825249022064,0.5378500537000117,0.4184337254682658,-0.1414213562373095,-0.1540215171241547,1.001784122738741,1.8393988283951663,-2.2008521077073766,0.7003579228389658,0.1433545244821562
-0.7264310937592733,-0.5739197559379918,-0.9663665089970037,1.8393988283951663,-0.21115506670803022,0.054515825249022064,0.06174088840014314,-0.067816366546815,-0.1414213562373095,-0.1540215171241547,1.001784122738741,1.8393988283951663,-2.2008521077073766,-0.9408316958438236,-0.442341344386736
0.6692122062371387,1.7424038633513133,-0.8481004506315327,-0.43351470184643787,-0.3043491654073724,0.054515825249022064,-0.06274572068568367,-0.18381443972367184,-0.1414213562373095,-0.1540215171241547,1.001784122738741,-0.43351470184643776,0.45436946739765194,0.7003579228389658,-0.4669153483656219
-0.7264310937592733,1.7424038633513133,0.8076243664850612,-0.43351470184643787,-0.06898975800365384,0.054515825249022064,0.2339344639501207,0.09996529011649863,-0.1414213562373095,-0.1540215171241547,1.001784122738741,-0.43351470184643776,0.45436946739765194,-0.9408316958438236,0.10697589908657268
0.6692122062371387,1.7424038633513133,-0.7298343922660617,-0.43351470184643787,-0.5855237129628881,0.054515825249022064,-0.5153298281602011,-0.5713803173868114,-0.1414213562373095,-0.1540215171241547,-0.9982190546862897,-0.43351470184643776,0.45436946739765194,0.7003579228389658,-0.6068939932594247
0.6692122062371387,-0.5739197559379918,-0.13850410043870676,-0.43351470184643787,-0.5381352767280958,0.054515825249022064,-0.4289760581161205,-0.5013161478584928,-0.1414213562373095,-0.1540215171241547,-0.9982190546862897,-0.43351470184643776,0.45436946739765194,0.7003579228389658,-0.4813877356446621
0.6692122062371387,-0.5739197559379918,-0.9663665089970037,-0.43351470184643787,0.22481854665205747,0.054515825249022064,0.5378500537000117,0.4184337254682658,-0.1414213562373095,-0.1540215171241547,1.001784122738741,-0.43351470184643776,0.45436946739765194,0.7003579228389658,-0.20806299683917914
-0.7264310937592733,-0.5739197559379918,-1.3211646840934168,-0.43351470184643787,-0.21115506670803022,-1.8569452975448113,0.06174088840014314,-0.067816366546815,-0.1414213562373095,-0.1540215171241547,1.001784122738741,-0.43351470184643776,0.45436946739765194,-0.9408316958438236,-0.5260121827965778
0.6692122062371387,-0.5739197559379918,-1.3211646840934168,-0.43351470184643787,-0.5641989166572315,-1.8569452975448113,-0.47586222233462755,-0.5395730424086979,-0.1414213562373095,-0.1540215171241547,-0.9982190546862897,-0.43351470184643776,0.45436946739765194,0.7003579228389658,-0.6886246383148353
0.6692122062371387,-0.5739197559379918,-0.13850410043870676,1.8393988283951663,0.5912922794301987,0.054515825249022064,0.8475939271850693,0.7752514617631155,-0.1414213562373095,-0.1540215171241547,1.001784122738741,1.8393988283951663,-2.2008521077073766,0.7003579228389658,0.32783683949156106
-0.7264310937592733,1.7424038633513133,-0.7298343922660617,-0.43351470184643787,0.006045091930516067,0.054515825249022064,0.3175159175814234,0.1846179118010404,-0.1414213562373095,-0.1540215171241547,1.001784122738741,-0.43351470184643776,0.45436946739765194,-0.9408316958438236,-0.25872847852428527
-0.7264310937592733,-0.5739197559379918,-0.49330227553511974,1.8393988283951663,1.1631095841009413,0.054515825249022064,1.2318567147247172,1.2687740898556952,-0.1414213562373095,-0.1540215171241547,1.001784122738741,1.8393988283951663,-2.2008521077073766,-0.9408316958438236,0.5483698872196507
0.6692122062371387,-0.5739197559379918,0.09802801629223523,-0.43351470184643787,-0.5381352767280958,0.054515825249022064,-0.4289760581161205,-0.5013161478584928,-0.1414213562373095,-0.1540215171241547,-0.9982190546862897,-0.43351470184643776,0.45436946739765194,0.7003579228389658,-0.44234134438673595
0.6692122062371387,-0.5739197559379918,-0.13850410043870676,-0.43351470184643787,-0.5641989166572315,0.054515825249022064,-0.47586222233462755,-0.5395730424086979,-0.1414213562373095,-0.1540215171241547,-0.9982190546862897,-0.43351470184643776,0.45436946739765194,0.7003579228389658,-0.5000620966810616
0.6692122062371387,-0.5739197559379918,-0.49330227553511974,-0.43351470184643787,-0.5673549865104688,0.054515825249022064,-0.4816391849051199,-0.5442512262632834,-0.1414213562373095,-0.1540215171241547,-0.9982190546862897,-0.43351470184643776,0.45436946739765194,0.7003579228389658,-0.5586498728806486
0.6692122062371387,-0.5739197559379918,1.7537528334088293,-0.43351470184643787,-0.5381352767280958,1.9659769480428555,-0.4289760581161205,-0.5013161478584928,-0.1414213562373095,-0.1540215171241547,-0.9982190546862897,-0.43351470184643776,0.45436946739765194,0.7003579228389658,-0.16901660558125295
-2.1220743937556854,1.7424038633513133,1.7537528334088293,-0.43351470184643787,1.326201626246602,1.9659769480428555,1.325733512559989,1.3987154382249534,-0.1414213562373095,-0.1540215171241547,1.001784122738741,-0.43351470184643776,0.45436946739765194,-1.9255454670534973,1.930066943417641
0.6692122062371387,-0.5739197559379918,-1.2028986257279457,-0.43351470184643787,-0.5760460257159296,-1.8569452975448113,-0.49766198498716463,-0.5571860481146111,-0.1414213562373095,-0.1540215171241547,-0.9982190546862897,-0.43351470184643776,0.45436946739765194,0.7003579228389658,-0.6755283331724254
0.6692122062371387,-0.5739197559379918,-0.07937107125597126,-0.43351470184643787,0.22481854665205747,0.054515825249022064,0.5378500537000117,0.4184337254682658,-0.1414213562373095,-0.1540215171241547,1.001784122738741,-0.43351470184643776,0.45436946739765194,0.7003579228389658,0.0847849375952669
0.6692122062371387,-0.5739197559379918,-0.13850410043870676,-0.43351470184643787,-0.5527498704629057,0.054515825249022064,-0.45508800947283107,-0.5226858652188192,-0.1414213562373095,-0.1540215171241547,-0.9982190546862897,-0.43351470184643776,0.45436946739765194,0.7003579228389658,-0.49185895917852684
-0.7264310937592733,1.7424038633513133,-0.13850410043870676,-0.43351470184643787,-0.10216166336800829,0.054515825249022064,0.19546614615315025,0.0617209693475712,-0.1414213562373095,-0.1540215171241547,1.001784122738741,-0.43351470184643776,0.45436946739765194,-0.9408316958438236,-0.1690166055812531
0.6692122062371387,-0.5739197559379918,-0.9663665089970037,-0.43351470184643787,-0.6139567747037633,0.054515825249022064,-0.5696005041005445,-0.6145367154285629,-0.1414213562373095,-0.1540215171241547,-0.9982190546862897,-0.43351470184643776,0.45436946739765194,0.7003579228389658,-0.658794165490457
-0.7264310937592733,-0.5739197559379918,0.8076243664850612,-0.43351470184643787,-0.30593193917761446,0.054515825249022064,-0.06495057845514184,-0.18583032924293927,-0.1414213562373095,-0.1540215171241547,1.001784122738741,-0.43351470184643776,0.45436946739765194,-0.9408316958438236,-0.11129585328692747
-0.7264310937592733,-0.5739197559379918,1.1624225415814742,-0.43351470184643787,-0.06898975800365384,0.054515825249022064,0.2339344639501207,0.09996529011649863,-0.1414213562373095,-0.1540215171241547,1.001784122738741,-0.43351470184643776,0.45436946739765194,-0.9408316958438236,0.20156032511508942
0.6692122062371387,-0.5739197559379918,-0.13850410043870676,-0.43351470184643787,-0.6163261965155029,0.054515825249022064,-0.5742117895602027,-0.6181730460941338,-0.1414213562373095,-0.1540215171241547,-0.9982190546862897,-0.43351470184643776,0.45436946739765194,0.7003579228389658,-0.5374108187538605
0.6692122062371387,-0.5739197559379918,-0.13850410043870676,-0.43351470184643787,-0.5665683384689711,0.054515825249022064,-0.4801972249691366,-0.5430842526052514,-0.1414213562373095,-0.1540215171241547,-0.9982190546862897,-0.43351470184643776,0.45436946739765194,0.7003579228389658,-0.5017597658661889
0.6692122062371387,-0.5739197559379918,-0.25677015880417775,-0.43351470184643787,-0.5622275577098642,0.054515825249022064,-0.4722649021749008,-0.5366560153840662,-0.1414213562373095,-0.1540215171241547,-0.9982190546862897,-0.43351470184643776,0.45436946739765194,0.7003579228389658,-0.5175563351096283
-2.1220743937556854,-0.5739197559379918,1.8720188917743001,-0.43351470184643787,2.0634898725619917,1.9659769480428555,1.689923672734081,1.9411708945070794,-0.1414213562373095,-0.1540215171241547,1.001784122738741,-0.43351470184643776,0.45436946739765194,-1.9255454670534973,2.8462863913739995
0.6692122062371387,-0.5739197559379918,-0.13850410043870676,-0.43351470184643787,0.07317555070072254,0.054515825249022064,0.38858485996293163,0.25831566327109323,-0.1414213562373095,-0.1540215171241547,1.001784122738741,-0.43351470184643776,0.45436946739765194,0.7003579228389658,-0.043389085881838534
0.6692122062371387,-0.5739197559379918,0.6893583081195902,-0.43351470184643787,-0.6258038837624613,0.054515825249022064,-0.5927981667989896,-0.6327816653358417,-0.1414213562373095,-0.1540215171241547,-0.9982190546862897,-0.43351470184643776,0.45436946739765194,0.7003579228389658,-0.42324256605405475
0.6692122062371387,1.7424038633513133,-0.8481004506315327,-0.43351470184643787,-0.5665683384689711,0.054515825249022064,-0.4801972249691366,-0.5430842526052514,-0.1414213562373095,-0.1540215171241547,-0.9982190546862897,-0.43351470184643776,0.45436946739765194,0.7003579228389658,-0.6145335045924972
0.6692122062371387,-0.5739197559379918,-0.13850410043870676,-0.43351470184643787,-0.5527498704629057,0.054515825249022064,-0.45508800947283107,-0.5226858652188192,-0.1414213562373095,-0.1540215171241547,-0.9982190546862897,-0.43351470184643776,0.45436946739765194,0.7003579228389658,-0.49185895917852684
-2.1220743937556854,-0.5739197559379918,-0.13850410043870676,-0.43351470184643787,1.6081628218436148,0.054515825249022064,1.4754912124738397,1.6141881368146846,-0.1414213562373095,-0.1540215171241547,1.001784122738741,-0.43351470184643776,0.45436946739765194,-1.9255454670534973,1.0564153376575007
0.6692122062371387,1.7424038633513133,-0.37503621716964874,1.8393988283951663,0.22481854665205747,0.054515825249022064,0.5378500537000117,0.4184337254682658,-0.1414213562373095,-0.1540215171241547,1.001784122738741,1.8393988283951663,-2.2008521077073766,0.7003579228389658,-0.012831040549548454
-0.7264310937592733,-0.5739197559379918,-0.37503621716964874,-0.43351470184643787,-0.30593193917761446,0.054515825249022064,-0.06495057845514184,-0.18583032924293927,-0.1414213562373095,-0.1540215171241547,1.001784122738741,-0.43351470184643776,0.45436946739765194,-0.9408316958438236,-0.365946231056011
-2.1220743937556854,-0.5739197559379918,0.8076243664850612,-0.43351470184643787,2.501832907733819,0.054515825249022064,1.8711961671011785,2.2356231295354365,-0.1414213562373095,-0.1540215171241547,1.001784122738741,-0.43351470184643776,0.45436946739765194,-1.9255454670534973,2.475224412339049
-2.1220743937556854,-0.5739197559379918,1.9311519209570358,-0.43351470184643787,1.400051765274902,1.9659769480428555,1.3664062868300864,1.4562254353632056,-0.1414213562373095,-0.1540215171241547,1.001784122738741,-0.43351470184643776,0.45436946739765194,-1.9255454670534973,2.116894952192553
0.6692122062371387,-0.5739197559379918,1.8720188917743001,-0.43351470184643787,-0.6400204146328989,1.9659769480428555,-0.6211111113568978,-0.6548881827569203,-0.1414213562373095,-0.1540215171241547,-0.9982190546862897,-0.43351470184643776,0.45436946739765194,0.7003579228389658,-0.2668144768530463
0.6692122062371387,-0.5739197559379918,-0.25677015880417775,-0.43351470184643787,-0.5527498704629057,0.054515825249022064,-0.45508800947283107,-0.5226858652188192,-0.1414213562373095,-0.1540215171241547,-0.9982190546862897,-0.43351470184643776,0.45436946739765194,0.7003579228389658,-0.5110081825384234
-0.7264310937592733,1.7424038633513133,-0.25677015880417775,-0.43351470184643787,-0.30593193917761446,0.054515825249022064,-0.06495057845514184,-0.18583032924293927,-0.1414213562373095,-0.1540215171241547,1.001784122738741,-0.43351470184643776,0.45436946739765194,-0.9408316958438236,-0.34048119327910265
-0.7264310937592733,1.7424038633513133,1.2806885999469453,-0.43351470184643787,-0.06898975800365384,0.054515825249022064,0.2339344639501207,0.09996529011649863,-0.1414213562373095,-0.1540215171241547,1.001784122738741,-0.43351470184643776,0.45436946739765194,-0.9408316958438236,0.233088467124595
0.6692122062371387,-0.5739197559379918,0.4528261913886482,-0.43351470184643787,-0.5641989166572315,0.054515825249022064,-0.47586222233462755,-0.5395730424086979,-0.1414213562373095,-0.1540215171241547,-0.9982190546862897,-0.43351470184643776,0.45436946739765194,0.7003579228389658,-0.4057808258641748
0.6692122062371387,-0.5739197559379918,-1.5576968008243588,-0.43351470184643787,-0.427559099617832,-1.8569452975448113,-0.2447332088887907,-0.3458501966113875,-0.1414213562373095,-0.1540215171241547,1.001784122738741,-0.43351470184643776,0.45436946739765194,0.7003579228389658,-0.6703936114599234
0.6692122062371387,-0.5739197559379918,-0.6115683339005907,-0.43351470184643787,-0.5527498704629057,0.054515825249022064,-0.45508800947283107,-0.5226858652188192,-0.1414213562373095,-0.1540215171241547,-0.9982190546862897,-0.43351470184643776,0.45436946739765194,0.7003579228389658,-0.5684558526181127
0.6692122062371387,-0.5739197559379918,-0.37503621716964874,-0.43351470184643787,-0.5527498704629057,0.054515825249022064,-0.45508800947283107,-0.5226858652188192,-0.1414213562373095,-0.1540215171241547,-0.9982190546862897,-0.43351470184643776,0.45436946739765194,0.7003579228389658,-0.5301574058983197
0.6692122062371387,-0.5739197559379918,1.8720188917743001,-0.43351470184643787,-0.5381352767280958,1.9659769480428555,-0.4289760581161205,-0.5013161478584928,-0.1414213562373095,-0.1540215171241547,-0.9982190546862897,-0.43351470184643776,0.45436946739765194,0.7003579228389658,-0.14949340995228985
-0.7264310937592733,-0.5739197559379918,0.5710922497541192,-0.43351470184643787,-0.06898975800365384,0.054515825249022064,0.2339344639501207,0.09996529011649863,-0.1414213562373095,-0.1540215171241547,1.001784122738741,-0.43351470184643776,0.45436946739765194,-0.9408316958438236,0.04391961506756153
0.6692122062371387,1.7424038633513133,-0.13850410043870676,1.8393988283951663,0.16795242317030679,0.054515825249022064,0.48357937775966836,0.3593647052607798,-0.1414213562373095,-0.1540215171241547,1.001784122738741,1.8393988283951663,-2.2008521077073766,0.7003579228389658,0.024517681523250404
0.6692122062371387,1.7424038633513133,1.8720188917743001,-0.43351470184643787,-0.5665683384689711,1.9659769480428555,-0.4801972249691366,-0.5430842526052514,-0.1414213562373095,-0.1540215171241547,-0.9982190546862897,-0.43351470184643776,0.45436946739765194,0.7003579228389658,-0.18223417280831503
0.6692122062371387,1.7424038633513133,-0.13850410043870676,1.8393988283951663,0.06922335511874084,0.054515825249022064,0.38449162851319213,0.25402739328809937,-0.1414213562373095,-0.1540215171241547,1.001784122738741,1.8393988283951663,-2.2008521077073766,0.7003579228389658,-0.04622079808263072
0.6692122062371387,-0.5739197559379918,-0.8481004506315327,-0.43351470184643787,-0.6258038837624613,0.054515825249022064,-0.5927981667989896,-0.6327816653358417,-0.1414213562373095,-0.1540215171241547,-0.9982190546862897,-0.43351470184643776,0.45436946739765194,0.7003579228389658,-0.647880577871782
-0.7264310937592733,-0.5739197559379918,-0.13850410043870676,-0.43351470184643787,0.12530283055899394,0.054515825249022064,0.44156516012064584,0.3143088570379679,-0.1414213562373095,-0.1540215171241547,1.001784122738741,-0.43351470184643776,0.45436946739765194,-0.9408316958438236,-0.006040363809039533
0.6692122062371387,-0.5739197559379918,-0.13850410043870676,-0.43351470184643787,-0.5381352767280958,0.054515825249022064,-0.4289760581161205,-0.5013161478584928,-0.1414213562373095,-0.1540215171241547,-0.9982190546862897,-0.43351470184643776,0.45436946739765194,0.7003579228389658,-0.4813877356446621
-0.7264310937592733,-0.5739197559379918,-0.7298343922660617,-0.43351470184643787,-0.30593193917761446,0.054515825249022064,-0.06495057845514184,-0.18583032924293927,-0.1414213562373095,-0.1540215171241547,1.001784122738741,-0.43351470184643776,0.45436946739765194,-0.9408316958438236,-0.442341344386736
-2.1220743937556854,-0.5739197559379918,-0.13850410043870676,-0.43351470184643787,1.2152368639592128,0.054515825249022064,1.2624967838426646,1.3107610816512048,-0.1414213562373095,-0.1540215171241547,1.001784122738741,-0.43351470184643776,0.45436946739765194,-1.9255454670534973,0.774887461349483
0.6692122062371387,-0.5739197559379918,-0.13850410043870676,1.8393988283951663,0.16795242317030679,0.054515825249022064,0.48357937775966836,0.3593647052607798,-0.1414213562373095,-0.1540215171241547,1.001784122738741,1.8393988283951663,-2.2008521077073766,0.7003579228389658,0.024517681523250404
-0.7264310937592733,-0.5739197559379918,-1.5576968008243588,-0.43351470184643787,-0.30593193917761446,-1.8569452975448113,-0.06495057845514184,-0.18583032924293927,-0.1414213562373095,-0.1540215171241547,1.001784122738741,-0.43351470184643776,0.45436946739765194,-0.9408316958438236,-0.6205966088250945
-2.1220743937556854,1.7424038633513133,-0.13850410043870676,1.8393988283951663,3.6273082683101316,0.054515825249022064,2.25663544457916,2.9217193462678863,-0.1414213562373095,-0.1540215171241547,1.001784122738741,1.8393988283951663,-2.2008521077073766,-1.9255454670534973,2.5031146918089964
0.6692122062371387,-0.5739197559379918,-1.5576968008243588,-0.43351470184643787,-0.5641989166572315,-1.8569452975448113,-0.47586222233462755,-0.5395730424086979,-0.1414213562373095,-0.1540215171241547,-0.9982190546862897,-0.43351470184643776,0.45436946739765194,0.7003579228389658,-0.72633714664159
-0.7264310937592733,-0.5739197559379918,0.6893583081195902,-0.43351470184643787,-0.30593193917761446,0.054515825249022064,-0.06495057845514184,-0.18583032924293927,-0.1414213562373095,-0.1540215171241547,1.001784122738741,-0.43351470184643776,0.45436946739765194,-0.9408316958438236,-0.13676089106383582
0.6692122062371387,-0.5739197559379918,-0.49330227553511974,-0.43351470184643787,-0.6139567747037633,0.054515825249022064,-0.5696005041005445,-0.6145367154285629,-0.1414213562373095,-0.1540215171241547,-0.9982190546862897,-0.43351470184643776,0.45436946739765194,0.7003579228389658,-0.5884621563923291
0.6692122062371387,-0.5739197559379918,-0.9663665089970037,-0.43351470184643787,-0.5499823857867939,0.054515825249022064,-0.45010876863369487,-0.51862329107446,-0.1414213562373095,-0.1540215171241547,-0.9982190546862897,-0.43351470184643776,0.45436946739765194,0.7003579228389658,-0.6244163644916307
0.6692122062371387,-0.5739197559379918,-0.13850410043870676,-0.43351470184643787,-0.5689377602807107,0.054515825249022064,-0.48454463106155987,-0.5466011306259413,-0.1414213562373095,-0.1540215171241547,-0.9982190546862897,-0.43351470184643776,0.45436946739765194,0.7003579228389658,-0.5034574350513161
0.6692122062371387,-0.5739197559379918,-0.13850410043870676,-0.43351470184643787,-0.5641989166572315,0.054515825249022064,-0.47586222233462755,-0.5395730424086979,-0.1414213562373095,-0.1540215171241547,-0.9982190546862897,-0.43351470184643776,0.45436946739765194,0.7003579228389658,-0.5000620966810616
-0.7264310937592733,1.7424038633513133,0.8076243664850612,1.8393988283951663,1.1631095841009413,0.054515825249022064,1.2318567147247172,1.2687740898556952,-0.1414213562373095,-0.1540215171241547,1.001784122738741,1.8393988283951663,-2.2008521077073766,-0.9408316958438236,1.2419890114287733
-0.7264310937592733,1.7424038633513133,-0.6115683339005907,-0.43351470184643787,-0.06898975800365384,0.054515825249022064,0.2339344639501207,0.09996529011649863,-0.1414213562373095,-0.1540215171241547,1.001784122738741,-0.43351470184643776,0.45436946739765194,-0.9408316958438236,-0.27136180502749424
0.6692122062371387,-0.5739197559379918,1.3398216291296807,-0.43351470184643787,-0.5665683384689711,1.9659769480428555,-0.4801972249691366,-0.5430842526052514,-0.1414213562373095,-0.1540215171241547,-0.9982190546862897,-0.43351470184643776,0.45436946739765194,0.7003579228389658,-0.2668144768530463
0.6692122062371387,1.7424038633513133,-0.13850410043870676,-0.43351470184643787,-0.5527498704629057,0.054515825249022064,-0.45508800947283107,-0.5226858652188192,-0.1414213562373095,-0.1540215171241547,-0.9982190546862897,-0.43351470184643776,0.45436946739765194,0.7003579228389658,-0.49185895917852684
-2.1220743937556854,-0.5739197559379918,-0.13850410043870676,-0.43351470184643787,1.5137840122384032,0.054515825249022064,1.4269890915808376,1.5432767471798865,-0.1414213562373095,-0.1540215171241547,1.001784122738741,-0.43351470184643776,0.45436946739765194,-1.9255454670534973,0.9887937786755133
0.6692122062371387,-0.5739197559379918,-1.5576968008243588,-0.43351470184643787,-0.5381352767280958,-1.8569452975448113,-0.4289760581161205,-0.5013161478584928,-0.1414213562373095,-0.1540215171241547,-0.9982190546862897,-0.43351470184643776,0.45436946739765194,0.7003579228389658,-0.7156660831922189
0.6692122062371387,-0.5739197559379918,-1.0846325673624748,-0.43351470184643787,-0.48008444234047554,-1.8569452975448113,-0.32947297427453565,-0.41839012829598876,-0.1414213562373095,-0.1540215171241547,1.001784122738741,-0.43351470184643776,0.45436946739765194,0.7003579228389658,-0.6078640899366403
0.6692122062371387,-0.5739197559379918,-0.49330227553511974,-0.43351470184643787,-0.6163261965155029,0.054515825249022064,-0.5742117895602027,-0.6181730460941338,-0.1414213562373095,-0.1540215171241547,-0.9982190546862897,-0.43351470184643776,0.45436946739765194,0.7003579228389658,-0.5899779324504785
-2.1220743937556854,-0.5739197559379918,-0.13850410043870676,-0.43351470184643787,1.5896055102140705,0.054515825249022064,1.4660759387544438,1.6003370159502432,-0.1414213562373095,-0.1540215171241547,1.001784122738741,-0.43351470184643776,0.45436946739765194,-1.9255454670534973,1.0431191925995844
0.6692122062371387,-0.5739197559379918,0.5710922497541192,-0.43351470184643787,-0.5381352767280958,0.054515825249022064,-0.4289760581161205,-0.5013161478584928,-0.1414213562373095,-0.1540215171241547,-0.9982190546862897,-0.43351470184643776,0.45436946739765194,0.7003579228389658,-0.3642485618708836
-0.7264310937592733,-0.5739197559379918,-1.5576968008243588,-0.43351470184643787,1.1631095841009413,-1.8569452975448113,1.2318567147247172,1.2687740898556952,-0.1414213562373095,-0.1540215171241547,1.001784122738741,-0.43351470184643776,0.45436946739765194,-0.9408316958438236,-0.019136668951449626
0.6692122062371387,-0.5739197559379918,-0.13850410043870676,-0.43351470184643787,-0.5527498704629057,0.054515825249022064,-0.45508800947283107,-0.5226858652188192,-0.1414213562373095,-0.1540215171241547,-0.9982190546862897,-0.43351470184643776,0.45436946739765194,0.7003579228389658,-0.49185895917852684
0.6692122062371387,-0.5739197559379918,-0.13850410043870676,-0.43351470184643787,-0.5527498704629057,0.054515825249022064,-0.45508800947283107,-0.5226858652188192,-0.1414213562373095,-0.1540215171241547,-0.9982190546862897,-0.43351470184643776,0.45436946739765194,0.7003579228389658,-0.49185895917852684
-2.1220743937556854,-0.5739197559379918,0.21629407465770623,1.8393988283951663,3.6273082683101316,0.054515825249022064,2.25663544457916,2.9217193462678863,-0.1414213562373095,-0.1540215171241547,1.001784122738741,1.8393988283951663,-2.2008521077073766,-1.9255454670534973,2.881452395923063
-0.7264310937592733,-0.5739197559379918,2.581615241967126,-0.43351470184643787,-0.11400877242670632,1.9659769480428555,0.18148796667789868,0.0479343083816503,-0.1414213562373095,6.492599337233598,1.001784122738741,-0.43351470184643776,0.45436946739765194,-0.9408316958438236,0.5211465492152891
0.6692122062371387,-0.5739197559379918,-0.13850410043870676,-0.43351470184643787,-0.5381352767280958,0.054515825249022064,-0.4289760581161205,-0.5013161478584928,-0.1414213562373095,-0.1540215171241547,-0.9982190546862897,-0.43351470184643776,0.45436946739765194,0.7003579228389658,-0.4813877356446621
0.6692122062371387,1.7424038633513133,-0.13850410043870676,-0.43351470184643787,-0.5665683384689711,0.054515825249022064,-0.4801972249691366,-0.5430842526052514,-0.1414213562373095,-0.1540215171241547,-0.9982190546862897,-0.43351470184643776,0.45436946739765194,0.7003579228389658,-0.5017597658661889
-0.7264310937592733,-0.5739197559379918,1.7537528334088293,1.8393988283951663,1.1631095841009413,1.9659769480428555,1.2318567147247172,1.2687740898556952,-0.1414213562373095,-0.1540215171241547,1.001784122738741,1.8393988283951663,-2.2008521077073766,-0.9408316958438236,1.7464392835808626
0.6692122062371387,-0.5739197559379918,-1.4394307424588877,-0.43351470184643787,-0.6258038837624613,-1.8569452975448113,-0.5927981667989896,-0.6327816653358417,-0.1414213562373095,-0.1540215171241547,-0.9982190546862897,-0.43351470184643776,0.45436946739765194,0.7003579228389658,-0.7342798131862924
-2.1220743937556854,-0.5739197559379918,-0.13850410043870676,-0.43351470184643787,2.0161014363271996,0.054515825249022064,1.6689658591827679,1.9082167030534103,-0.1414213562373095,-0.1540215171241547,1.001784122738741,-0.43351470184643776,0.45436946739765194,-1.9255454670534973,1.3486996459224845
0.6692122062371387,-0.5739197559379918,-0.9663665089970037,-0.43351470184643787,-0.5681511122392132,0.054515825249022064,-0.4830999124681408,-0.5454328969362557,-0.1414213562373095,-0.1540215171241547,-0.9982190546862897,-0.43351470184643776,0.45436946739765194,0.7003579228389658,-0.6341796599752975
0.6692122062371387,-0.5739197559379918,-1.0846325673624748,-0.43351470184643787,-0.5381352767280958,-1.8569452975448113,-0.4289760581161205,-0.5013161478584928,-0.1414213562373095,-0.1540215171241547,-0.9982190546862897,-0.43351470184643776,0.45436946739765194,0.7003579228389658,-0.6375733006763667
0.6692122062371387,-0.5739197559379918,-0.13850410043870676,4.11231235863677,0.7535976735343619,0.054515825249022064,0.9668875499016235,0.9221335335789268,-0.1414213562373095,-0.1540215171241547,1.001784122738741,4.11231235863677,-2.2008521077073766,0.7003579228389658,0.444127178672776
0.6692122062371387,-0.5739197559379918,-0.13850410043870676,-0.43351470184643787,0.833759952269136,0.054515825249022064,1.022521747972181,0.9925360649455094,-0.1414213562373095,-0.1540215171241547,1.001784122738741,-0.43351470184643776,0.45436946739765194,0.7003579228389658,0.501562722544
-0.7264310937592733,-0.5739197559379918,0.5710922497541192,1.8393988283951663,1.1631095841009413,0.054515825249022064,1.2318567147247172,1.2687740898556952,-0.1414213562373095,-0.1540215171241547,1.001784122738741,1.8393988283951663,-2.2008521077073766,-0.9408316958438236,1.115876443390751
0.6692122062371387,-0.5739197559379918,-1.2028986257279457,-0.43351470184643787,-0.5381352767280958,-1.8569452975448113,-0.4289760581161205,-0.5013161478584928,-0.1414213562373095,-0.1540215171241547,-0.9982190546862897,-0.43351470184643776,0.45436946739765194,0.7003579228389658,-0.6570964963053298
0.6692122062371387,-0.5739197559379918,-0.13850410043870676,-0.43351470184643787,0.9877723700322104,0.054515825249022064,1.124010034011741,1.1241826254621172,-0.1414213562373095,-0.1540215171241547,1.001784122738741,-0.43351470184643776,0.45436946739765194,0.7003579228389658,0.6119112195772696
-0.7264310937592733,-0.5739197559379918,-0.13850410043870676,-0.43351470184643787,-0.30593193917761446,0.054515825249022064,-0.06495057845514184,-0.18583032924293927,-0.1414213562373095,-0.1540215171241547,1.001784122738741,-0.43351470184643776,0.45436946739765194,-0.9408316958438236,-0.31501615550219425
0.6692122062371387,1.7424038633513133,-1.7942289175553008,-0.43351470184643787,-0.5566925883576406,-1.8569452975448113,-0.46221002403799905,-0.5284866388014449,7.071067811865475,-0.1540215171241547,-0.9982190546862897,-0.43351470184643776,0.45436946739765194,0.7003579228389658,-0.7613605469791034
0.6692122062371387,-0.5739197559379918,-0.13850410043870676,1.8393988283951663,0.22481854665205747,0.054515825249022064,0.5378500537000117,0.4184337254682658,-0.1414213562373095,-0.1540215171241547,1.001784122738741,1.8393988283951663,-2.2008521077073766,0.7003579228389658,0.06526174196630394
0.6692122062371387,-0.5739197559379918,-0.13850410043870676,-0.43351470184643787,-0.5665683384689711,0.054515825249022064,-0.4801972249691366,-0.5430842526052514,-0.1414213562373095,-0.1540215171241547,-0.9982190546862897,-0.43351470184643776,0.45436946739765194,0.7003579228389658,-0.5017597658661889
0.6692122062371387,-0.5739197559379918,-0.37503621716964874,1.8393988283951663,0.0688347699416156,0.054515825249022064,0.3840885804681165,0.2536054311163013,-0.1414213562373095,-0.1540215171241547,1.001784122738741,1.8393988283951663,-2.2008521077073766,0.7003579228389658,-0.11660907278803699
0.6692122062371387,-0.5739197559379918,-0.13850410043870676,-0.43351470184643787,0.07317555070072254,0.054515825249022064,0.38858485996293163,0.25831566327109323,-0.1414213562373095,-0.1540215171241547,1.001784122738741,-0.43351470184643776,0.45436946739765194,0.7003579228389658,-0.043389085881838534
-2.1220743937556854,-0.5739197559379918,-0.13850410043870676,-0.43351470184643787,2.717450292602123,0.054515825249022064,1.9530065103140777,2.3742228601477238,-0.1414213562373095,-0.1540215171241547,1.001784122738741,-0.43351470184643776,0.45436946739765194,-1.9255454670534973,1.8512097247201427
0.6692122062371387,1.7424038633513133,-0.7298343922660617,-0.43351470184643787,-0.5499823857867939,0.054515825249022064,-0.45010876863369487,-0.51862329107446,-0.1414213562373095,-0.1540215171241547,-0.9982190546862897,-0.43351470184643776,0.45436946739765194,0.7003579228389658,-0.5859762836569643
-2.1220743937556854,-0.5739197559379918,0.4528261913886482,-0.43351470184643787,-0.8272047377603279,0.054515825249022064,-1.0534646419398193,-0.9718111888810899,-0.1414213562373095,-0.1540215171241547,-0.9982190546862897,-0.43351470184643776,0.45436946739765194,-1.9255454670534973,-0.6278723339042112
0.6692122062371387,-0.5739197559379918,-0.13850410043870676,-0.43351470184643787,-0.5527498704629057,0.054515825249022064,-0.45508800947283107,-0.5226858652188192,-0.1414213562373095,-0.1540215171241547,-0.9982190546862897,-0.43351470184643776,0.45436946739765194,0.7003579228389658,-0.49185895917852684
0.6692122062371387,-0.5739197559379918,-0.6115683339005907,-0.43351470184643787,-0.5381352767280958,0.054515825249022064,-0.4289760581161205,-0.5013161478584928,-0.1414213562373095,-0.1540215171241547,-0.9982190546862897,-0.43351470184643776,0.45436946739765194,0.7003579228389658,-0.5594805181605144
-2.1220743937556854,1.7424038633513133,2.3450831252361843,-0.43351470184643787,1.156399381530095,1.9659769480428555,1.2278672317282098,1.2633370811727942,-0.1414213562373095,-0.1540215171241547,1.001784122738741,-0.43351470184643776,0.45436946739765194,-1.9255454670534973,2.053307055194428
-2.1220743937556854,1.7424038633513133,0.6893583081195902,1.8393988283951663,3.6273082683101316,0.054515825249022064,2.25663544457916,2.9217193462678863,-0.1414213562373095,-0.1540215171241547,1.001784122738741,1.8393988283951663,-2.2008521077073766,-1.9255454670534973,3.3859026680751527
-0.7264310937592733,1.7424038633513133,-0.25677015880417775,1.8393988283951663,0.6892252217530201,0.054515825249022064,0.9206885222177197,0.8645980488907593,-0.1414213562373095,-0.1540215171241547,1.001784122738741,1.8393988283951663,-2.2008521077073766,-0.9408316958438236,0.34707482669742284
0.6692122062371387,-0.5739197559379918,-0.6115683339005907,1.8393988283951663,0.22481854665205747,0.054515825249022064,0.5378500537000117,0.4184337254682658,-0.1414213562373095,-0.1540215171241547,1.001784122738741,1.8393988283951663,-2.2008521077073766,0.7003579228389658,-0.0909238230654007
0.6692122062371387,-0.5739197559379918,1.3989546583124162,-0.43351470184643787,-0.6258038837624613,1.9659769480428555,-0.5927981667989896,-0.6327816653358417,-0.1414213562373095,-0.1540215171241547,-0.9982190546862897,-0.43351470184643776,0.45436946739765194,0.7003579228389658,-0.31956348367664217
0.6692122062371387,-0.5739197559379918,-0.6115683339005907,-0.43351470184643787,-0.5622275577098642,0.054515825249022064,-0.4722649021749008,-0.5366560153840662,-0.1414213562373095,-0.1540215171241547,-0.9982190546862897,-0.43351470184643776,0.45436946739765194,0.7003579228389658,-0.5742764326814062
0.6692122062371387,-0.5739197559379918,0.8076243664850612,-0.43351470184643787,-1.3010891001082492,0.054515825249022064,-3.7758951430624066,-2.721788766034889,-0.1414213562373095,-0.1540215171241547,-0.9982190546862897,-0.43351470184643776,0.45436946739765194,0.7003579228389658,-1.0280372132556281
0.6692122062371387,-0.5739197559379918,-2.0307610342862428,1.8393988283951663,-0.23563593286692386,-3.768406420338645,0.030014711795750985,-0.0977908998975452,7.071067811865475,-0.1540215171241547,1.001784122738741,1.8393988283951663,-2.2008521077073766,0.7003579228389658,-0.7008711387680046
0.6692122062371387,-0.5739197559379918,-0.6115683339005907,-0.43351470184643787,-0.5906606194507394,0.054515825249022064,-0.5249923491592806,-0.5791129047029968,-0.1414213562373095,-0.1540215171241547,-0.9982190546862897,-0.43351470184643776,0.45436946739765194,0.7003579228389658,-0.591738172871286
0.6692122062371387,-0.5739197559379918,-1.4394307424588877,-0.43351470184643787,-0.48008444234047554,-1.8569452975448113,-0.32947297427453565,-0.41839012829598876,-0.1414213562373095,-0.1540215171241547,1.001784122738741,-0.43351470184643776,0.45436946739765194,0.7003579228389658,-0.6708900584344885
0.6692122062371387,-0.5739197559379918,0.4528261913886482,-0.43351470184643787,-0.48008444234047554,0.054515825249022064,-0.32947297427453565,-0.41839012829598876,-0.1414213562373095,-0.1540215171241547,1.001784122738741,-0.43351470184643776,0.45436946739765194,0.7003579228389658,-0.3347515597792982
0.6692122062371387,1.7424038633513133,-0.13850410043870676,-0.43351470184643787,-0.5543231665459009,0.054515825249022064,-0.45792596570932803,-0.5249987603835852,-0.1414213562373095,-0.1540215171241547,-0.9982190546862897,-0.43351470184643776,0.45436946739765194,0.7003579228389658,-0.4929862115174513
-2.1220743937556854,-0.5739197559379918,-0.13850410043870676,-0.43351470184643787,1.6369939464488625,0.054515825249022064,1.490004266238657,1.6356202608243862,-0.1414213562373095,-0.1540215171241547,1.001784122738741,-0.43351470184643776,0.45436946739765194,-1.9255454670534973,1.077072576302129
-2.1220743937556854,-0.5739197559379918,1.2806885999469453,-0.43351470184643787,1.326201626246602,0.054515825249022064,1.325733512559989,1.3987154382249534,-0.1414213562373095,-0.1540215171241547,1.001784122738741,-0.43351470184643776,0.45436946739765194,-1.9255454670534973,1.6611483837200711
-0.7264310937592733,-0.5739197559379918,0.5710922497541192,-0.43351470184643787,-0.06898975800365384,0.054515825249022064,0.2339344639501207,0.09996529011649863,-0.1414213562373095,-0.1540215171241547,1.001784122738741,-0.43351470184643776,0.45436946739765194,-0.9408316958438236,0.04391961506756153
0.6692122062371387,1.7424038633513133,-0.13850410043870676,1.8393988283951663,0.22481854665205747,0.054515825249022064,0.5378500537000117,0.4184337254682658,-0.1414213562373095,-0.1540215171241547,1.001784122738741,1.8393988283951663,-2.2008521077073766,0.7003579228389658,0.06526174196630394
-0.7264310937592733,-0.5739197559379918,0.21629407465770623,-0.43351470184643787,-0.30593193917761446,0.054515825249022064,-0.06495057845514184,-0.18583032924293927,-0.1414213562373095,-0.1540215171241547,1.001784122738741,-0.43351470184643776,0.45436946739765194,-0.9408316958438236,-0.2386210421714692
-0.7264310937592733,-0.5739197559379918,1.5172207166778873,-0.43351470184643787,-0.06898975800365384,1.9659769480428555,0.2339344639501207,0.09996529011649863,-0.1414213562373095,-0.1540215171241547,1.001784122738741,-0.43351470184643776,0.45436946739765194,-0.9408316958438236,0.29614475114360617
-2.1220743937556854,-0.5739197559379918,2.226817066870713,1.8393988283951663,3.6273082683101316,1.9659769480428555,2.25663544457916,2.9217193462678863,-0.1414213562373095,-0.1540215171241547,1.001784122738741,1.8393988283951663,-2.2008521077073766,-1.9255454670534973,5.025366052569442
-0.7264310937592733,1.7424038633513133,0.3345601330231772,-0.43351470184643787,-0.06898975800365384,0.054515825249022064,0.2339344639501207,0.09996529011649863,-0.1414213562373095,-0.1540215171241547,1.001784122738741,-0.43351470184643776,0.45436946739765194,-0.9408316958438236,-0.019136668951449626
-2.1220743937556854,-0.5739197559379918,2.699881300332597,-0.43351470184643787,1.5896055102140705,1.9659769480428555,1.4660759387544438,1.6003370159502432,-0.1414213562373095,6.492599337233598,1.001784122738741,-0.43351470184643776,0.45436946739765194,-1.9255454670534973,2.818396111904052
-0.7264310937592733,-0.5739197559379918,-0.7298343922660617,-0.43351470184643787,0.12490476769462161,0.054515825249022064,0.4411675035371762,0.31388518594865666,-0.1414213562373095,-0.1540215171241547,1.001784122738741,-0.43351470184643776,0.45436946739765194,-0.9408316958438236,-0.18877407955776365
0.6692122062371387,-0.5739197559379918,0.5710922497541192,-0.43351470184643787,-0.6854374919203238,0.054515825249022064,-0.7152675610724181,-0.7271520716401051,-0.1414213562373095,-0.1540215171241547,-0.9982190546862897,-0.43351470184643776,0.45436946739765194,0.7003579228389658,-0.4924051236077992
0.6692122062371387,-0.5739197559379918,0.3345601330231772,-0.43351470184643787,-0.5566925883576406,0.054515825249022064,-0.46221002403799905,-0.5284866388014449,-0.1414213562373095,-0.1540215171241547,-0.9982190546862897,-0.43351470184643776,0.45436946739765194,0.7003579228389658,-0.4184905474807144
0.6692122062371387,-0.5739197559379918,-1.5576968008243588,-0.43351470184643787,-0.40070881164719874,-1.8569452975448113,-0.20317468050793058,-0.3096111421796199,-0.1414213562373095,-0.1540215171241547,1.001784122738741,-0.43351470184643776,0.45436946739765194,0.7003579228389658,-0.6594004759137168
-0.7264310937592733,-0.5739197559379918,-0.7298343922660617,-0.43351470184643787,-0.06898975800365384,0.054515825249022064,0.2339344639501207,0.09996529011649863,-0.1414213562373095,-0.1540215171241547,1.001784122738741,-0.43351470184643776,0.45436946739765194,-0.9408316958438236,-0.30288994703699984
0.6692122062371387,-0.5739197559379918,-1.2028986257279457,-0.43351470184643787,-1.3010891001082492,-1.8569452975448113,-3.7758951430624066,-2.721788766034889,-0.1414213562373095,-0.1540215171241547,-0.9982190546862897,-0.43351470184643776,0.45436946739765194,0.7003579228389658,-1.0280372132556281
0.6692122062371387,-0.5739197559379918,-1.0846325673624748,-0.43351470184643787,-0.4267724515763344,-1.8569452975448113,-0.24349934232655304,-0.3447806244000538,-0.1414213562373095,-0.1540215171241547,1.001784122738741,-0.43351470184643776,0.45436946739765194,0.7003579228389658,-0.5805801208899528
-0.7264310937592733,-0.5739197559379918,0.09802801629223523,-0.43351470184643787,-0.06898975800365384,0.054515825249022064,0.2339344639501207,0.09996529011649863,-0.1414213562373095,-0.1540215171241547,1.001784122738741,-0.43351470184643776,0.45436946739765194,-0.9408316958438236,-0.08219295297046078
0.6692122062371387,-0.5739197559379918,-1.3211646840934168,-0.43351470184643787,-0.5381352767280958,-1.8569452975448113,-0.4289760581161205,-0.5013161478584928,-0.1414213562373095,-0.1540215171241547,-0.9982190546862897,-0.43351470184643776,0.45436946739765194,0.7003579228389658,-0.6766196919342927
0.6692122062371387,1.7424038633513133,-1.7942289175553008,1.8393988283951663,-0.23563593286692386,-1.8569452975448113,0.030014711795750985,-0.0977908998975452,7.071067811865475,-0.1540215171241547,1.001784122738741,1.8393988283951663,-2.2008521077073766,0.7003579228389658,-0.6463434596867339
0.6692122062371387,-0.5739197559379918,2.581615241967126,-0.43351470184643787,-0.5381352767280958,1.9659769480428555,-0.4289760581161205,-0.5013161478584928,-0.1414213562373095,6.492599337233598,-0.9982190546862897,-0.43351470184643776,0.45436946739765194,0.7003579228389658,-0.03235423617851155
-0.7264310937592733,1.7424038633513133,2.4633491836016552,-0.43351470184643787,-0.30593193917761446,1.9659769480428555,-0.06495057845514184,-0.18583032924293927,-0.1414213562373095,-0.1540215171241547,1.001784122738741,-0.43351470184643776,0.45436946739765194,-0.9408316958438236,0.24521467558978943
0.6692122062371387,-0.5739197559379918,-0.13850410043870676,-0.43351470184643787,-0.5590620101693801,0.054515825249022064,-0.4665061956028945,-0.5319800726271644,-0.1414213562373095,-0.1540215171241547,-0.9982190546862897,-0.43351470184643776,0.45436946739765194,0.7003579228389658,-0.4963815498877058
0.6692122062371387,-0.5739197559379918,-1.0846325673624748,1.8393988283951663,-0.5499823857867939,-1.8569452975448113,-0.45010876863369487,-0.51862329107446,-0.1414213562373095,-0.1540215171241547,-0.9982190546862897,1.8393988283951663,-2.2008521077073766,0.7003579228389658,-0.6436364049089639
0.6692122062371387,-0.5739197559379918,-0.13850410043870676,-0.43351470184643787,-0.4753455987169963,0.054515825249022064,-0.32163080258056503,-0.41175207811349723,-0.1414213562373095,-0.1540215171241547,1.001784122738741,-0.43351470184643776,0.45436946739765194,0.7003579228389658,-0.4363995022387907
0.6692122062371387,-0.5739197559379918,-1.0846325673624748,-0.43351470184643787,-0.5566925883576406,-1.8569452975448113,-0.46221002403799905,-0.5284866388014449,-0.1414213562373095,-0.1540215171241547,-0.9982190546862897,-0.43351470184643776,0.45436946739765194,0.7003579228389658,-0.647070547146307
-0.7264310937592733,1.7424038633513133,0.09802801629223523,-0.43351470184643787,-0.06898975800365384,0.054515825249022064,0.2339344639501207,0.09996529011649863,-0.1414213562373095,-0.1540215171241547,1.001784122738741,-0.43351470184643776,0.45436946739765194,-0.9408316958438236,-0.08219295297046078
0.6692122062371387,-0.5739197559379918,-0.8481004506315327,-0.43351470184643787,-0.5527498704629057,0.054515825249022064,-0.45508800947283107,-0.5226858652188192,-0.1414213562373095,-0.1540215171241547,-0.9982190546862897,-0.43351470184643776,0.45436946739765194,0.7003579228389658,-0.6067542993379057
0.6692122062371387,-0.5739197559379918,-0.02023804207323576,-0.43351470184643787,-0.5547212294102731,0.054515825249022064,-0.4586448438529205,-0.5255843368315869,-0.1414213562373095,-0.1540215171241547,-0.9982190546862897,-0.43351470184643776,0.45436946739765194,0.7003579228389658,-0.4741726416078715
0.6692122062371387,-0.5739197559379918,-0.13850410043870676,-0.43351470184643787,-0.5665683384689711,0.054515825249022064,-0.4801972249691366,-0.5430842526052514,-0.1414213562373095,-0.1540215171241547,-0.9982190546862897,-0.43351470184643776,0.45436946739765194,0.7003579228389658,-0.5017597658661889
0.6692122062371387,1.7424038633513133,-0.13850410043870676,-0.43351470184643787,-0.5665683384689711,0.054515825249022064,-0.4801972249691366,-0.5430842526052514,-0.1414213562373095,-0.1540215171241547,-0.9982190546862897,-0.43351470184643776,0.45436946739765194,0.7003579228389658,-0.5017597658661889
0.6692122062371387,1.7424038633513133,-0.13850410043870676,1.8393988283951663,0.16795242317030679,0.054515825249022064,0.48357937775966836,0.3593647052607798,-0.1414213562373095,-0.1540215171241547,1.001784122738741,1.8393988283951663,-2.2008521077073766,0.7003579228389658,0.024517681523250404
0.6692122062371387,-0.5739197559379918,-0.9663665089970037,-0.43351470184643787,-0.5499823857867939,0.054515825249022064,-0.45010876863369487,-0.51862329107446,-0.1414213562373095,-0.1540215171241547,-0.9982190546862897,-0.43351470184643776,0.45436946739765194,0.7003579228389658,-0.6244163644916307
-2.1220743937556854,-0.5739197559379918,2.936413417063539,-0.43351470184643787,3.6142764483455636,1.9659769480428555,2.2526884376790037,2.914253038442111,-0.1414213562373095,6.492599337233598,1.001784122738741,-0.43351470184643776,0.45436946739765194,-1.9255454670534973,5.764034041226762
0.6692122062371387,-0.5739197559379918,-0.9663665089970037,-0.43351470184643787,-0.5381352767280958,0.054515825249022064,-0.4289760581161205,-0.5013161478584928,-0.1414213562373095,-0.1540215171241547,-0.9982190546862897,-0.43351470184643776,0.45436946739765194,0.7003579228389658,-0.6180501050474037
-0.7264310937592733,-0.5739197559379918,0.6893583081195902,-0.43351470184643787,1.1631095841009413,0.054515825249022064,1.2318567147247172,1.2687740898556952,-0.1414213562373095,-0.1540215171241547,1.001784122738741,-0.43351470184643776,0.45436946739765194,-0.9408316958438236,1.1789327274097623
0.6692122062371387,1.7424038633513133,-1.5576968008243588,-0.43351470184643787,-0.5681511122392132,-1.8569452975448113,-0.4830999124681408,-0.5454328969362557,-0.1414213562373095,-0.1540215171241547,-0.9982190546862897,-0.43351470184643776,0.45436946739765194,0.7003579228389658,-0.7279552678991856
0.6692122062371387,-0.5739197559379918,-0.13850410043870676,-0.43351470184643787,-0.5685396974163386,0.054515825249022064,-0.4838133969548565,-0.5460098978331538,-0.1414213562373095,-0.1540215171241547,-0.9982190546862897,-0.43351470184643776,0.45436946739765194,0.7003579228389658,-0.5031722266282147
0.6692122062371387,-0.5739197559379918,1.1624225415814742,-0.43351470184643787,-0.5499823857867939,0.054515825249022064,-0.45010876863369487,-0.51862329107446,-0.1414213562373095,-0.1540215171241547,-0.9982190546862897,-0.43351470184643776,0.45436946739765194,0.7003579228389658,-0.27845563697963305
-0.7264310937592733,1.7424038633513133,-1.4394307424588877,-0.43351470184643787,-0.30593193917761446,-1.8569452975448113,-0.06495057845514184,-0.18583032924293927,-0.1414213562373095,-0.1540215171241547,1.001784122738741,-0.43351470184643776,0.45436946739765194,-0.9408316958438236,-0.5951315710481861
0.6692122062371387,1.7424038633513133,-0.13850410043870676,-0.43351470184643787,-0.5630142057513617,0.054515825249022064,-0.47369935023599086,-0.5378195541999939,-0.1414213562373095,-0.1540215171241547,-0.9982190546862897,-0.43351470184643776,0.45436946739765194,0.7003579228389658,-0.49921326208849803
0.6692122062371387,-0.5739197559379918,-0.37503621716964874,4.11231235863677,-0.48008444234047554,0.054515825249022064,-0.32947297427453565,-0.41839012829598876,-0.1414213562373095,-0.1540215171241547,1.001784122738741,4.11231235863677,-2.2008521077073766,0.7003579228389658,-0.481812152940944
0.6692122062371387,1.7424038633513133,-0.37503621716964874,-0.43351470184643787,-0.5499823857867939,0.054515825249022064,-0.45010876863369487,-0.51862329107446,-0.1414213562373095,-0.1540215171241547,-0.9982190546862897,-0.43351470184643776,0.45436946739765194,0.7003579228389658,-0.5283161624049647
0.6692122062371387,-0.5739197559379918,-0.13850410043870676,-0.43351470184643787,-0.6510808756500994,0.054515825249022064,-0.6435093758660335,-0.672251964007324,-0.1414213562373095,-0.1540215171241547,-0.9982190546862897,-0.43351470184643776,0.45436946739765194,0.7003579228389658,-0.5623122303613066
-0.7264310937592733,-0.5739197559379918,-1.2028986257279457,-0.43351470184643787,-0.30593193917761446,-1.8569452975448113,-0.06495057845514184,-0.18583032924293927,-0.1414213562373095,-0.1540215171241547,1.001784122738741,-0.43351470184643776,0.45436946739765194,-0.9408316958438236,-0.5442014954943695
-0.7264310937592733,-0.5739197559379918,0.3345601330231772,-0.43351470184643787,-0.30593193917761446,0.054515825249022064,-0.06495057845514184,-0.18583032924293927,-0.1414213562373095,-0.1540215171241547,1.001784122738741,-0.43351470184643776,0.45436946739765194,-0.9408316958438236,-0.21315600439456087
0.6692122062371387,-0.5739197559379918,-0.8481004506315327,-0.43351470184643787,-0.5882911976389998,0.054515825249022064,-0.5205278307305063,-0.5755427516327489,-0.1414213562373095,-0.1540215171241547,-0.9982190546862897,-0.43351470184643776,0.45436946739765194,0.7003579228389658,-0.6267625433054765
-0.7264310937592733,-0.5739197559379918,-0.02023804207323576,-0.43351470184643787,-0.30593193917761446,0.054515825249022064,-0.06495057845514184,-0.18583032924293927,-0.1414213562373095,-0.1540215171241547,1.001784122738741,-0.43351470184643776,0.45436946739765194,-0.9408316958438236,-0.2895511177252859
0.6692122062371387,-0.5739197559379918,2.226817066870713,-0.43351470184643787,-0.5566925883576406,1.9659769480428555,-0.46221002403799905,-0.5284866388014449,-0.1414213562373095,-0.1540215171241547,-0.9982190546862897,-0.43351470184643776,0.45436946739765194,0.7003579228389658,-0.11371721459325751
-0.7264310937592733,-0.5739197559379918,2.936413417063539,-0.43351470184643787,0.02578711446593042,1.9659769480428555,0.33876343286134913,0.20648380623618035,-0.1414213562373095,6.492599337233598,1.001784122738741,-0.43351470184643776,0.45436946739765194,-0.9408316958438236,0.8054455066817732
0.6692122062371387,-0.5739197559379918,-0.8481004506315327,-0.43351470184643787,-0.6139567747037633,0.054515825249022064,-0.5696005041005445,-0.6145367154285629,-0.1414213562373095,-0.1540215171241547,-0.9982190546862897,-0.43351470184643776,0.45436946739765194,0.7003579228389658,-0.6412111632159251
0.6692122062371387,-0.5739197559379918,-0.13850410043870676,-0.43351470184643787,-0.5527498704629057,0.054515825249022064,-0.45508800947283107,-0.5226858652188192,-0.1414213562373095,-0.1540215171241547,-0.9982190546862897,-0.43351470184643776,0.45436946739765194,0.7003579228389658,-0.49185895917852684
0.6692122062371387,-0.5739197559379918,-0.13850410043870676,-0.43351470184643787,-0.6080332201744143,0.054515825249022064,-0.5581331485916806,-0.605473223921348,-0.1414213562373095,-0.1540215171241547,-0.9982190546862897,-0.43351470184643776,0.45436946739765194,0.7003579228389658,-0.5314689766059153
0.6692122062371387,-0.5739197559379918,-0.37503621716964874,-0.43351470184643787,-0.5527498704629057,0.054515825249022064,-0.45508800947283107,-0.5226858652188192,-0.1414213562373095,-0.1540215171241547,-0.9982190546862897,-0.43351470184643776,0.45436946739765194,0.7003579228389658,-0.5301574058983197
0.6692122062371387,-0.5739197559379918,-0.13850410043870676,-0.43351470184643787,-0.5381352767280958,0.054515825249022064,-0.4289760581161205,-0.5013161478584928,-0.1414213562373095,-0.1540215171241547,-0.9982190546862897,-0.43351470184643776,0.45436946739765194,0.7003579228389658,-0.4813877356446621
0.6692122062371387,-0.5739197559379918,-1.5576968008243588,4.11231235863677,0.40489460434426744,-1.8569452975448113,0.6979366536968558,0.5985602327825377,-0.1414213562373095,-0.1540215171241547,1.001784122738741,4.11231235863677,-2.2008521077073766,0.7003579228389658,-0.3295676056604276
0.6692122062371387,1.7424038633513133,-0.37503621716964874,-0.43351470184643787,-0.5566925883576406,0.054515825249022064,-0.46221002403799905,-0.5284866388014449,-0.1414213562373095,-0.1540215171241547,-0.9982190546862897,-0.43351470184643776,0.45436946739765194,0.7003579228389658,-0.5327805473135108
0.6692122062371387,1.7424038633513133,-0.13850410043870676,-0.43351470184643787,-0.6159281336511306,0.054515825249022064,-0.5734361148767743,-0.6175617033681446,-0.1414213562373095,-0.1540215171241547,-0.9982190546862897,-0.43351470184643776,0.45436946739765194,0.7003579228389658,-0.5371256103307592
0.6692122062371387,-0.5739197559379918,-0.13850410043870676,-0.43351470184643787,-0.5381352767280958,0.054515825249022064,-0.4289760581161205,-0.5013161478584928,-0.1414213562373095,-0.1540215171241547,-0.9982190546862897,-0.43351470184643776,0.45436946739765194,0.7003579228389658,-0.4813877356446621
0.6692122062371387,-0.5739197559379918,-0.9663665089970037,-0.43351470184643787,-0.5622275577098642,0.054515825249022064,-0.4722649021749008,-0.5366560153840662,-0.1414213562373095,-0.1540215171241547,-0.9982190546862897,-0.43351470184643776,0.45436946739765194,0.7003579228389658,-0.6309965302531839
0.6692122062371387,-0.5739197559379918,-0.13850410043870676,4.11231235863677,0.9024731848095847,0.054515825249022064,1.0686405206395075,1.051838145904873,-0.1414213562373095,-0.1540215171241547,1.001784122738741,4.11231235863677,-2.2008521077073766,0.7003579228389658,0.5507951289126897
0.6692122062371387,-0.5739197559379918,-0.13850410043870676,-0.43351470184643787,-0.40070881164719874,0.054515825249022064,-0.20317468050793058,-0.3096111421796199,-0.1414213562373095,-0.1540215171241547,1.001784122738741,-0.43351470184643776,0.45436946739765194,0.7003579228389658,-0.3829229229072832
-0.7264310937592733,-0.5739197559379918,-0.13850410043870676,-0.43351470184643787,-0.06898975800365384,0.054515825249022064,0.2339344639501207,0.09996529011649863,-0.1414213562373095,-0.1540215171241547,1.001784122738741,-0.43351470184643776,0.45436946739765194,-0.9408316958438236,-0.14524923698947192
0.6692122062371387,1.7424038633513133,-0.13850410043870676,-0.43351470184643787,-0.5665683384689711,0.054515825249022064,-0.4801972249691366,-0.5430842526052514,-0.1414213562373095,-0.1540215171241547,-0.9982190546862897,-0.43351470184643776,0.45436946739765194,0.7003579228389658,-0.5017597658661889
0.6692122062371387,-0.5739197559379918,1.7537528334088293,-0.43351470184643787,-0.5499823857867939,1.9659769480428555,-0.45010876863369487,-0.51862329107446,-0.1414213562373095,-0.1540215171241547,-0.9982190546862897,-0.43351470184643776,0.45436946739765194,0.7003579228389658,-0.182355434892967
0.6692122062371387,-0.5739197559379918,-0.8481004506315327,-0.43351470184643787,-0.5622275577098642,0.054515825249022064,-0.4722649021749008,-0.5366560153840662,-0.1414213562373095,-0.1540215171241547,-0.9982190546862897,-0.43351470184643776,0.45436946739765194,0.7003579228389658,-0.6120898310625913
0.6692122062371387,-0.5739197559379918,-1.2028986257279457,-0.43351470184643787,-0.3371324855946016,-1.8569452975448113,-0.10908024007350768,-0.22590107620911404,-0.1414213562373095,-0.1540215171241547,1.001784122738741,-0.43351470184643776,0.45436946739765194,0.7003579228389658,-0.5593708972359891
0.6692122062371387,-0.5739197559379918,0.21629407465770623,-0.43351470184643787,-0.5641989166572315,0.054515825249022064,-0.47586222233462755,-0.5395730424086979,-0.1414213562373095,-0.1540215171241547,-0.9982190546862897,-0.43351470184643776,0.45436946739765194,0.7003579228389658,-0.44349333419092946
-2.1220743937556854,1.7424038633513133,2.226817066870713,-0.43351470184643787,1.156399381530095,1.9659769480428555,1.2278672317282098,1.2633370811727942,-0.1414213562373095,-0.1540215171241547,1.001784122738741,-0.43351470184643776,0.45436946739765194,-1.9255454670534973,1.9904224782872837
0.6692122062371387,-0.5739197559379918,-0.7298343922660617,-0.43351470184643787,-0.5566925883576406,0.054515825249022064,-0.46221002403799905,-0.5284866388014449,-0.1414213562373095,-0.1540215171241547,-0.9982190546862897,-0.43351470184643776,0.45436946739765194,0.7003579228389658,-0.5899255472299089
0.6692122062371387,1.7424038633513133,-1.5576968008243588,-0.43351470184643787,-0.5665683384689711,-1.8569452975448113,-0.4801972249691366,-0.5430842526052514,-0.1414213562373095,-0.1540215171241547,-0.9982190546862897,-0.43351470184643776,0.45436946739765194,0.7003579228389658,-0.7273072433188057
0.6692122062371387,-0.5739197559379918,2.581615241967126,-0.43351470184643787,-0.5665683384689711,1.9659769480428555,-0.4801972249691366,-0.5430842526052514,-0.1414213562373095,6.492599337233598,-0.9982190546862897,-0.43351470184643776,0.45436946739765194,0.7003579228389658,-0.0694604340820066
0.6692122062371387,-0.5739197559379918,-0.13850410043870676,-0.43351470184643787,-0.5381352767280958,0.054515825249022064,-0.4289760581161205,-0.5013161478584928,-0.1414213562373095,-0.1540215171241547,-0.9982190546862897,-0.43351470184643776,0.45436946739765194,0.7003579228389658,-0.4813877356446621
-2.1220743937556854,-0.5739197559379918,-0.13850410043870676,-0.43351470184643787,3.162901593209169,0.054515825249022064,2.109237163768059,2.6492456523520365,-0.1414213562373095,-0.1540215171241547,1.001784122738741,-0.43351470184643776,0.45436946739765194,-1.9255454670534973,2.1703715315240606
-0.7264310937592733,-0.5739197559379918,-0.7298343922660617,-0.43351470184643787,-0.06898975800365384,0.054515825249022064,0.2339344639501207,0.09996529011649863,-0.1414213562373095,-0.1540215171241547,1.001784122738741,-0.43351470184643776,0.45436946739765194,-0.9408316958438236,-0.30288994703699984
0.6692122062371387,1.7424038633513133,-0.13850410043870676,4.11231235863677,0.9024731848095847,0.054515825249022064,1.0686405206395075,1.051838145904873,-0.1414213562373095,-0.1540215171241547,1.001784122738741,4.11231235863677,-2.2008521077073766,0.7003579228389658,0.5507951289126897
0.6692122062371387,-0.5739197559379918,2.4633491836016552,-0.43351470184643787,-0.5381352767280958,1.9659769480428555,-0.4289760581161205,-0.5013161478584928,-0.1414213562373095,-0.1540215171241547,-0.9982190546862897,-0.43351470184643776,0.45436946739765194,0.7003579228389658,-0.05187743180747451
0.6692122062371387,1.7424038633513133,-0.13850410043870676,-0.43351470184643787,-0.5298423003870073,0.054515825249022064,-0.41435612160920493,-0.4892809777661429,-0.1414213562373095,-0.1540215171241547,-0.9982190546862897,-0.43351470184643776,0.45436946739765194,0.7003579228389658,-0.47544589349671695
0.6692122062371387,-0.5739197559379918,-0.13850410043870676,-0.43351470184643787,-0.40070881164719874,0.054515825249022064,-0.20317468050793058,-0.3096111421796199,-0.1414213562373095,-0.1540215171241547,1.001784122738741,-0.43351470184643776,0.45436946739765194,0.7003579228389658,-0.3829229229072832
0.6692122062371387,1.7424038633513133,0.21629407465770623,-0.43351470184643787,-0.47811308339310826,0.054515825249022064,-0.3262057127555947,-0.41562637846048583,-0.1414213562373095,-0.1540215171241547,1.001784122738741,-0.43351470184643776,0.45436946739765194,0.7003579228389658,-0.37520507626752553
0.6692122062371387,-0.5739197559379918,-0.13850410043870676,-0.43351470184643787,-0.5527498704629057,0.054515825249022064,-0.45508800947283107,-0.5226858652188192,-0.1414213562373095,-0.1540215171241547,-0.9982190546862897,-0.43351470184643776,0.45436946739765194,0.7003579228389658,-0.49185895917852684
0.6692122062371387,-0.5739197559379918,-0.13850410043870676,-0.43351470184643787,-0.5527498704629057,0.054515825249022064,-0.45508800947283107,-0.5226858652188192,-0.1414213562373095,-0.1540215171241547,-0.9982190546862897,-0.43351470184643776,0.45436946739765194,0.7003579228389658,-0.49185895917852684
0.6692122062371387,-0.5739197559379918,0.4528261913886482,-0.43351470184643787,-0.5527498704629057,0.054515825249022064,-0.45508800947283107,-0.5226858652188192,-0.1414213562373095,-0.1540215171241547,-0.9982190546862897,-0.43351470184643776,0.45436946739765194,0.7003579228389658,-0.39611284237904454
0.6692122062371387,-0.5739197559379918,-0.9663665089970037,-0.43351470184643787,-0.5018073015105043,0.054515825249022064,-0.3659487638444231,-0.4490670756742284,-0.1414213562373095,-0.1540215171241547,-0.9982190546862897,-0.43351470184643776,0.45436946739765194,0.7003579228389658,-0.5985286070876258
0.6692122062371387,1.7424038633513133,-1.6759628591898297,-0.43351470184643787,-0.6163261965155029,-1.8569452975448113,-0.5742117895602027,-0.6181730460941338,7.071067811865475,-0.1540215171241547,-0.9982190546862897,-0.43351470184643776,0.45436946739765194,0.7003579228389658,-0.7652016447725384
-2.1220743937556854,-0.5739197559379918,2.108551008505242,-0.43351470184643787,3.6273082683101316,1.9659769480428555,2.25663544457916,2.9217193462678863,-0.1414213562373095,-0.1540215171241547,1.001784122738741,-0.43351470184643776,0.45436946739765194,-1.9255454670534973,4.89925348453142
-0.7264310937592733,1.7424038633513133,-0.02023804207323576,1.8393988283951663,1.1631095841009413,0.054515825249022064,1.2318567147247172,1.2687740898556952,-0.1414213562373095,-0.1540215171241547,1.001784122738741,1.8393988283951663,-2.2008521077073766,-0.9408316958438236,0.8005950232956954
0.6692122062371387,-0.5739197559379918,-0.13850410043870676,-0.43351470184643787,-0.6423898364446385,0.054515825249022064,-0.6258816565402722,-0.658595630734148,-0.1414213562373095,-0.1540215171241547,-0.9982190546862897,-0.43351470184643776,0.45436946739765194,0.7003579228389658,-0.55608517979026
0.6692122062371387,-0.5739197559379918,2.581615241967126,-0.43351470184643787,-0.6325140863333079,1.9659769480428555,-0.6060961590448827,-0.6431866448870783,-0.1414213562373095,6.492599337233598,-0.9982190546862897,-0.43351470184643776,0.45436946739765194,0.7003579228389658,-0.15552207575284602
0.6692122062371387,-0.5739197559379918,-0.6115683339005907,-0.43351470184643787,-0.6242211099922192,0.054515825249022064,-0.5896783847444624,-0.6303349284736469,-0.1414213562373095,-0.1540215171241547,-0.9982190546862897,-0.43351470184643776,0.45436946739765194,0.7003579228389658,-0.6123488468754078
0.6692122062371387,1.7424038633513133,-0.8481004506315327,-0.43351470184643787,-0.368721617188714,0.054515825249022064,-0.15510474339018013,-0.2671371936799497,-0.1414213562373095,-0.1540215171241547,1.001784122738741,-0.43351470184643776,0.45436946739765194,0.7003579228389658,-0.5031542798396862
-0.7264310937592733,1.7424038633513133,-0.6115683339005907,-0.43351470184643787,-0.06898975800365384,0.054515825249022064,0.2339344639501207,0.09996529011649863,-0.1414213562373095,-0.1540215171241547,1.001784122738741,-0.43351470184643776,0.45436946739765194,-0.9408316958438236,-0.27136180502749424
-0.7264310937592733,1.7424038633513133,1.5172207166778873,1.8393988283951663,1.1631095841009413,1.9659769480428555,1.2318567147247172,1.2687740898556952,-0.1414213562373095,-0.1540215171241547,1.001784122738741,1.8393988283951663,-2.2008521077073766,-0.9408316958438236,1.6203267155428402
-0.7264310937592733,1.7424038633513133,-0.02023804207323576,1.8393988283951663,1.1631095841009413,0.054515825249022064,1.2318567147247172,1.2687740898556952,-0.1414213562373095,-0.1540215171241547,1.001784122738741,1.8393988283951663,-2.2008521077073766,-0.9408316958438236,0.8005950232956954
0.6692122062371387,-0.5739197559379918,-1.0846325673624748,-0.43351470184643787,-0.3679349691472164,-1.8569452975448113,-0.1539415288448339,-0.2661019046071794,-0.1414213562373095,-0.1540215171241547,1.001784122738741,-0.43351470184643776,0.45436946739765194,0.7003579228389658,-0.5504683200291819
-0.7264310937592733,1.7424038633513133,-0.13850410043870676,1.8393988283951663,1.1631095841009413,0.054515825249022064,1.2318567147247172,1.2687740898556952,-0.1414213562373095,-0.1540215171241547,1.001784122738741,1.8393988283951663,-2.2008521077073766,-0.9408316958438236,0.7375387392766842
0.6692122062371387,-0.5739197559379918,-0.25677015880417775,-0.43351470184643787,-0.6400204146328989,0.054515825249022064,-0.6211111113568978,-0.6548881827569203,-0.1414213562373095,-0.1540215171241547,-0.9982190546862897,-0.43351470184643776,0.45436946739765194,0.7003579228389658,-0.5713035714140791
0.6692122062371387,-0.5739197559379918,-0.13850410043870676,-0.43351470184643787,-0.6139567747037633,0.054515825249022064,-0.5696005041005445,-0.6145367154285629,-0.1414213562373095,-0.1540215171241547,-0.9982190546862897,-0.43351470184643776,0.45436946739765194,0.7003579228389658,-0.5357131495687333
0.6692122062371387,-0.5739197559379918,-0.13850410043870676,-0.43351470184643787,-0.40070881164719874,0.054515825249022064,-0.20317468050793058,-0.3096111421796199,-0.1414213562373095,-0.1540215171241547,1.001784122738741,-0.43351470184643776,0.45436946739765194,0.7003579228389658,-0.3829229229072832
0.6692122062371387,-0.5739197559379918,-0.49330227553511974,-0.43351470184643787,-1.3010891001082492,0.054515825249022064,-3.7758951430624066,-2.721788766034889,-0.1414213562373095,-0.1540215171241547,-0.9982190546862897,-0.43351470184643776,0.45436946739765194,0.7003579228389658,-1.0280372132556281
0.6692122062371387,-0.5739197559379918,0.6893583081195902,-0.43351470184643787,-0.6329121491976801,0.054515825249022064,-0.6068886918244215,-0.643805526457889,-0.1414213562373095,-0.1540215171241547,-0.9982190546862897,-0.43351470184643776,0.45436946739765194,0.7003579228389658,-0.42960882549828183
0.6692122062371387,-0.5739197559379918,0.6893583081195902,-0.43351470184643787,-0.5527498704629057,0.054515825249022064,-0.45508800947283107,-0.5226858652188192,-0.1414213562373095,-0.1540215171241547,-0.9982190546862897,-0.43351470184643776,0.45436946739765194,0.7003579228389658,-0.35781439565925155
-0.7264310937592733,1.7424038633513133,1.5172207166778873,-0.43351470184643787,-0.06898975800365384,1.9659769480428555,0.2339344639501207,0.09996529011649863,-0.1414213562373095,-0.1540215171241547,1.001784122738741,-0.43351470184643776,0.45436946739765194,-0.9408316958438236,0.29614475114360617
-0.7264310937592733,-0.5739197559379918,-0.13850410043870676,-0.43351470184643787,0.01275529450136265,0.054515825249022064,0.3247712106465961,0.19206841401017027,-0.1414213562373095,-0.1540215171241547,1.001784122738741,-0.43351470184643776,0.45436946739765194,-0.9408316958438236,-0.08667965010258265
0.6692122062371387,-0.5739197559379918,2.108551008505242,-0.43351470184643787,-0.6139567747037633,1.9659769480428555,-0.5696005041005445,-0.6145367154285629,-0.1414213562373095,-0.1540215171241547,-0.9982190546862897,-0.43351470184643776,0.45436946739765194,0.7003579228389658,-0.20163610635262613
-0.7264310937592733,-0.5739197559379918,0.9258904248505322,1.8393988283951663,1.1631095841009413,0.054515825249022064,1.2318567147247172,1.2687740898556952,-0.1414213562373095,-0.1540215171241547,1.001784122738741,1.8393988283951663,-2.2008521077073766,-0.9408316958438236,1.3050452954477845
0.6692122062371387,1.7424038633513133,-0.49330227553511974,1.8393988283951663,-0.5499823857867939,0.054515825249022064,-0.45010876863369487,-0.51862329107446,-0.1414213562373095,-0.1540215171241547,-0.9982190546862897,1.8393988283951663,-2.2008521077073766,0.7003579228389658,-0.5475362028222979
0.6692122062371387,-0.5739197559379918,-0.13850410043870676,-0.43351470184643787,-0.5322117221987468,0.054515825249022064,-0.4185189115903909,-0.49271296717162405,-0.1414213562373095,-0.1540215171241547,-0.9982190546862897,-0.43351470184643776,0.45436946739765194,0.7003579228389658,-0.47714356268184405
-2.1220743937556854,1.7424038633513133,-0.6115683339005907,-0.43351470184643787,3.3907641500005434,0.054515825249022064,2.1833457200147555,2.7846207254063304,-0.1414213562373095,-0.1540215171241547,1.001784122738741,-0.43351470184643776,0.45436946739765194,-1.9255454670534973,1.8533943824372319
0.6692122062371387,-0.5739197559379918,-0.02023804207323576,-0.43351470184643787,-0.40070881164719874,0.054515825249022064,-0.20317468050793058,-0.3096111421796199,-0.1414213562373095,-0.1540215171241547,1.001784122738741,-0.43351470184643776,0.45436946739765194,0.7003579228389658,-0.3598831268234137
-2.1220743937556854,-0.5739197559379918,1.5172207166778873,-0.43351470184643787,1.190357934935947,1.9659769480428555,1.247950164757452,1.290776640814541,-0.1414213562373095,-0.1540215171241547,1.001784122738741,-0.43351470184643776,0.45436946739765194,-1.9255454670534973,1.649611508986285
-0.7264310937592733,-0.5739197559379918,-0.6115683339005907,-0.43351470184643787,-0.30593193917761446,0.054515825249022064,-0.06495057845514184,-0.18583032924293927,-0.1414213562373095,-0.1540215171241547,1.001784122738741,-0.43351470184643776,0.45436946739765194,-0.9408316958438236,-0.41687630660982766
0.6692122062371387,-0.5739197559379918,-0.37503621716964874,1.8393988283951663,-0.5566925883576406,0.054515825249022064,-0.46221002403799905,-0.5284866388014449,-0.1414213562373095,-0.1540215171241547,-0.9982190546862897,1.8393988283951663,-2.2008521077073766,0.7003579228389658,-0.5327805473135108
0.6692122062371387,-0.5739197559379918,-0.49330227553511974,1.8393988283951663,-0.5641989166572315,0.054515825249022064,-0.47586222233462755,-0.5395730424086979,-0.1414213562373095,-0.1540215171241547,-0.9982190546862897,1.8393988283951663,-2.2008521077073766,0.7003579228389658,-0.5566308591711937
-0.7264310937592733,-0.5739197559379918,0.09802801629223523,1.8393988283951663,0.9735558391617729,0.054515825249022064,1.1149207702603554,1.1122200105066022,-0.1414213562373095,-0.1540215171241547,1.001784122738741,1.8393988283951663,-2.2008521077073766,-0.9408316958438236,0.7181368057323732
0.6692122062371387,-0.5739197559379918,0.09802801629223523,-0.43351470184643787,-0.40070881164719874,0.054515825249022064,-0.20317468050793058,-0.3096111421796199,-0.1414213562373095,-0.1540215171241547,1.001784122738741,-0.43351470184643776,0.45436946739765194,0.7003579228389658,-0.3368433307395443
0.6692122062371387,-0.5739197559379918,-0.6115683339005907,-0.43351470184643787,-0.40070881164719874,0.054515825249022064,-0.20317468050793058,-0.3096111421796199,-0.1414213562373095,-0.1540215171241547,1.001784122738741,-0.43351470184643776,0.45436946739765194,0.7003579228389658,-0.47508210724276106
-0.7264310937592733,-0.5739197559379918,0.8076243664850612,-0.43351470184643787,-0.08083686706235187,0.054515825249022064,0.22030731078871468,0.08636639623682595,-0.1414213562373095,-0.1540215171241547,1.001784122738741,-0.43351470184643776,0.45436946739765194,-0.9408316958438236,0.09606231146789768
-2.1220743937556854,-0.5739197559379918,-0.13850410043870676,-0.43351470184643787,2.4520750496872874,0.054515825249022064,1.8516744759561419,2.2030846782969915,-0.1414213562373095,-0.1540215171241547,1.001784122738741,-0.43351470184643776,0.45436946739765194,-1.9255454670534973,1.6610707759858936
0.6692122062371387,-0.5739197559379918,1.6354867750433582,-0.43351470184643787,-0.6897782726794307,1.9659769480428555,-0.7245798139349068,-0.7341963124624786,-0.1414213562373095,-0.1540215171241547,-0.9982190546862897,-0.43351470184643776,0.45436946739765194,0.7003579228389658,-0.35539642969129176
0.6692122062371387,-0.5739197559379918,-0.13850410043870676,1.8393988283951663,0.16795242317030679,0.054515825249022064,0.48357937775966836,0.3593647052607798,-0.1414213562373095,-0.1540215171241547,1.001784122738741,1.8393988283951663,-2.2008521077073766,0.7003579228389658,0.024517681523250404
0.6692122062371387,1.7424038633513133,-0.8481004506315327,-0.43351470184643787,-0.5641989166572315,0.054515825249022064,-0.47586222233462755,-0.5395730424086979,-0.1414213562373095,-0.1540215171241547,-0.9982190546862897,-0.43351470184643776,0.45436946739765194,0.7003579228389658,-0.6131996216613258
0.6692122062371387,1.7424038633513133,0.09802801629223523,-0.43351470184643787,-0.48008444234047554,0.054515825249022064,-0.32947297427453565,-0.41839012829598876,-0.1414213562373095,-0.1540215171241547,1.001784122738741,-0.43351470184643776,0.45436946739765194,0.7003579228389658,-0.3977775282771464
0.6692122062371387,-0.5739197559379918,-0.13850410043870676,-0.43351470184643787,-0.6159281336511306,0.054515825249022064,-0.5734361148767743,-0.6175617033681446,-0.1414213562373095,-0.1540215171241547,-0.9982190546862897,-0.43351470184643776,0.45436946739765194,0.7003579228389658,-0.5371256103307592
0.6692122062371387,-0.5739197559379918,-0.13850410043870676,-0.43351470184643787,-0.5665683384689711,0.054515825249022064,-0.4801972249691366,-0.5430842526052514,-0.1414213562373095,-0.1540215171241547,-0.9982190546862897,-0.43351470184643776,0.45436946739765194,0.7003579228389658,-0.5017597658661889
0.6692122062371387,-0.5739197559379918,-1.2028986257279457,-0.43351470184643787,-0.6613452109385554,-1.8569452975448113,-0.6645950218972813,-0.6884985622689684,-0.1414213562373095,-0.1540215171241547,-0.9982190546862897,-0.43351470184643776,0.45436946739765194,0.7003579228389658,-0.7169999661233903
0.6692122062371387,-0.5739197559379918,-0.13850410043870676,-0.43351470184643787,-0.6139567747037633,0.054515825249022064,-0.5696005041005445,-0.6145367154285629,-0.1414213562373095,-0.1540215171241547,-0.9982190546862897,-0.43351470184643776,0.45436946739765194,0.7003579228389658,-0.5357131495687333
0.6692122062371387,-0.5739197559379918,-0.13850410043870676,-0.43351470184643787,-0.6139567747037633,0.054515825249022064,-0.5696005041005445,-0.6145367154285629,-0.1414213562373095,-0.1540215171241547,-0.9982190546862897,-0.43351470184643776,0.45436946739765194,0.7003579228389658,-0.5357131495687333
0.6692122062371387,1.7424038633513133,-0.13850410043870676,-0.43351470184643787,-0.5543231665459009,0.054515825249022064,-0.45792596570932803,-0.5249987603835852,-0.1414213562373095,-0.1540215171241547,-0.9982190546862897,-0.43351470184643776,0.45436946739765194,0.7003579228389658,-0.4929862115174513
0.6692122062371387,-0.5739197559379918,-0.7298343922660617,-0.43351470184643787,-0.4267724515763344,0.054515825249022064,-0.24349934232655304,-0.3447806244000538,-0.1414213562373095,-0.1540215171241547,1.001784122738741,-0.43351470184643776,0.45436946739765194,0.7003579228389658,-0.5134615570351015
0.6692122062371387,-0.5739197559379918,-1.2028986257279457,-0.43351470184643787,-0.5527498704629057,-1.8569452975448113,-0.45508800947283107,-0.5226858652188192,-0.1414213562373095,-0.1540215171241547,-0.9982190546862897,-0.43351470184643776,0.45436946739765194,0.7003579228389658,-0.6642019694175951
-0.7264310937592733,1.7424038633513133,1.7537528334088293,1.8393988283951663,1.1631095841009413,1.9659769480428555,1.2318567147247172,1.2687740898556952,-0.1414213562373095,-0.1540215171241547,1.001784122738741,1.8393988283951663,-2.2008521077073766,-0.9408316958438236,1.7464392835808626
0.6692122062371387,1.7424038633513133,-0.8481004506315327,-0.43351470184643787,-0.5665683384689711,0.054515825249022064,-0.4801972249691366,-0.5430842526052514,-0.1414213562373095,-0.1540215171241547,-0.9982190546862897,-0.43351470184643776,0.45436946739765194,0.7003579228389658,-0.6145335045924972
0.6692122062371387,-0.5739197559379918,0.3345601330231772,-0.43351470184643787,-0.5527498704629057,0.054515825249022064,-0.45508800947283107,-0.5226858652188192,-0.1414213562373095,-0.1540215171241547,-0.9982190546862897,-0.43351470184643776,0.45436946739765194,0.7003579228389658,-0.415262065738941
0.6692122062371387,-0.5739197559379918,1.2806885999469453,-0.43351470184643787,-0.5527498704629057,0.054515825249022064,-0.45508800947283107,-0.5226858652188192,-0.1414213562373095,-0.1540215171241547,-0.9982190546862897,-0.43351470184643776,0.45436946739765194,0.7003579228389658,-0.26206827885976924
-2.1220743937556854,-0.5739197559379918,0.3345601330231772,-0.43351470184643787,1.5896055102140705,0.054515825249022064,1.4660759387544438,1.6003370159502432,-0.1414213562373095,-0.1540215171241547,1.001784122738741,-0.43351470184643776,0.45436946739765194,-1.9255454670534973,1.338998679150329
0.6692122062371387,1.7424038633513133,-0.13850410043870676,1.8393988283951663,0.22481854665205747,0.054515825249022064,0.5378500537000117,0.4184337254682658,-0.1414213562373095,-0.1540215171241547,1.001784122738741,1.8393988283951663,-2.2008521077073766,0.7003579228389658,0.06526174196630394
-0.7264310937592733,-0.5739197559379918,0.09802801629223523,-0.43351470184643787,-0.06898975800365384,0.054515825249022064,0.2339344639501207,0.09996529011649863,-0.1414213562373095,-0.1540215171241547,1.001784122738741,-0.43351470184643776,0.45436946739765194,-0.9408316958438236,-0.08219295297046078
0.6692122062371387,-0.5739197559379918,-0.25677015880417775,-0.43351470184643787,-0.48008444234047554,0.054515825249022064,-0.32947297427453565,-0.41839012829598876,-0.1414213562373095,-0.1540215171241547,1.001784122738741,-0.43351470184643776,0.45436946739765194,0.7003579228389658,-0.4608034967749946
0.6692122062371387,1.7424038633513133,-0.8481004506315327,-0.43351470184643787,-0.6139567747037633,0.054515825249022064,-0.5696005041005445,-0.6145367154285629,-0.1414213562373095,-0.1540215171241547,-0.9982190546862897,-0.43351470184643776,0.45436946739765194,0.7003579228389658,-0.6412111632159251
-0.7264310937592733,-0.5739197559379918,-0.25677015880417775,-0.43351470184643787,-0.06898975800365384,0.054515825249022064,0.2339344639501207,0.09996529011649863,-0.1414213562373095,-0.1540215171241547,1.001784122738741,-0.43351470184643776,0.45436946739765194,-0.9408316958438236,-0.1767773789989775
0.6692122062371387,-0.5739197559379918,-0.13850410043870676,-0.43351470184643787,-0.5665683384689711,0.054515825249022064,-0.4801972249691366,-0.5430842526052514,-0.1414213562373095,-0.1540215171241547,-0.9982190546862897,-0.43351470184643776,0.45436946739765194,0.7003579228389658,-0.5017597658661889
0.6692122062371387,-0.5739197559379918,-0.13850410043870676,-0.43351470184643787,-0.5381352767280958,0.054515825249022064,-0.4289760581161205,-0.5013161478584928,-0.1414213562373095,-0.1540215171241547,-0.9982190546862897,-0.43351470184643776,0.45436946739765194,0.7003579228389658,-0.4813877356446621
0.6692122062371387,-0.5739197559379918,-0.8481004506315327,-0.43351470184643787,-0.6139567747037633,0.054515825249022064,-0.5696005041005445,-0.6145367154285629,-0.1414213562373095,-0.1540215171241547,-0.9982190546862897,-0.43351470184643776,0.45436946739765194,0.7003579228389658,-0.6412111632159251
0.6692122062371387,-0.5739197559379918,-0.37503621716964874,-0.43351470184643787,-0.5535365185044033,0.054515825249022064,-0.45650632500204447,-0.5238420085692868,-0.1414213562373095,-0.1540215171241547,-0.9982190546862897,-0.43351470184643776,0.45436946739765194,0.7003579228389658,-0.5306807730556776
0.6692122062371387,-0.5739197559379918,0.21629407465770623,-0.43351470184643787,-0.5499823857867939,0.054515825249022064,-0.45010876863369487,-0.51862329107446,-0.1414213562373095,-0.1540215171241547,-0.9982190546862897,-0.43351470184643776,0.45436946739765194,0.7003579228389658,-0.4322159603182987
0.6692122062371387,-0.5739197559379918,-0.6115683339005907,4.11231235863677,0.9877723700322104,0.054515825249022064,1.124010034011741,1.1241826254621172,-0.1414213562373095,-0.1540215171241547,1.001784122738741,4.11231235863677,-2.2008521077073766,0.7003579228389658,0.37763287202971263
0.6692122062371387,-0.5739197559379918,-0.13850410043870676,-0.43351470184643787,-0.48008444234047554,0.054515825249022064,-0.32947297427453565,-0.41839012829598876,-0.1414213562373095,-0.1540215171241547,1.001784122738741,-0.43351470184643776,0.45436946739765194,0.7003579228389658,-0.4397948406090452
0.6692122062371387,-0.5739197559379918,-0.13850410043870676,-0.43351470184643787,-0.6159281336511306,0.054515825249022064,-0.5734361148767743,-0.6175617033681446,-0.1414213562373095,-0.1540215171241547,-0.9982190546862897,-0.43351470184643776,0.45436946739765194,0.7003579228389658,-0.5371256103307592
0.6692122062371387,-0.5739197559379918,1.6354867750433582,-0.43351470184643787,-0.5381352767280958,1.9659769480428555,-0.4289760581161205,-0.5013161478584928,-0.1414213562373095,-0.1540215171241547,-0.9982190546862897,-0.43351470184643776,0.45436946739765194,0.7003579228389658,-0.18853980121021605
0.6692122062371387,-0.5739197559379918,-1.4394307424588877,-0.43351470184643787,-0.48008444234047554,-1.8569452975448113,-0.32947297427453565,-0.41839012829598876,-0.1414213562373095,-0.1540215171241547,1.001784122738741,-0.43351470184643776,0.45436946739765194,0.7003579228389658,-0.6708900584344885
-2.1220743937556854,-0.5739197559379918,0.9258904248505322,1.8393988283951663,3.7315628280266746,0.054515825249022064,2.287847730398324,2.981097919508344,-0.1414213562373095,-0.1540215171241547,1.001784122738741,1.8393988283951663,-2.2008521077073766,-1.9255454670534973,3.73683514105788
-2.1220743937556854,-0.5739197559379918,-0.25677015880417775,1.8393988283951663,3.7315628280266746,0.054515825249022064,2.287847730398324,2.981097919508344,-0.1414213562373095,-0.1540215171241547,1.001784122738741,1.8393988283951663,-2.2008521077073766,-1.9255454670534973,2.4490318020542294
0.6692122062371387,-0.5739197559379918,-0.49330227553511974,1.8393988283951663,0.3859392298503506,0.054515825249022064,0.6818580127283336,0.5800623228433246,-0.1414213562373095,-0.1540215171241547,1.001784122738741,1.8393988283951663,-2.2008521077073766,0.7003579228389658,0.0511953401466782
-0.7264310937592733,-0.5739197559379918,-0.6115683339005907,-0.43351470184643787,-0.06898975800365384,0.054515825249022064,0.2339344639501207,0.09996529011649863,-0.1414213562373095,-0.1540215171241547,1.001784122738741,-0.43351470184643776,0.45436946739765194,-0.9408316958438236,-0.27136180502749424
0.6692122062371387,1.7424038633513133,2.108551008505242,1.8393988283951663,0.07317555070072254,1.9659769480428555,0.38858485996293163,0.25831566327109323,-0.1414213562373095,-0.1540215171241547,1.001784122738741,1.8393988283951663,-2.2008521077073766,0.7003579228389658,0.6247650005503758
0.6692122062371387,-0.5739197559379918,1.0441564832160033,-0.43351470184643787,-0.6329121491976801,0.054515825249022064,-0.6068886918244215,-0.643805526457889,-0.1414213562373095,-0.1540215171241547,-0.9982190546862897,-0.43351470184643776,0.45436946739765194,0.7003579228389658,-0.3783149636905094
0.6692122062371387,-0.5739197559379918,-0.37503621716964874,-0.43351470184643787,-0.5381352767280958,0.054515825249022064,-0.4289760581161205,-0.5013161478584928,-0.1414213562373095,-0.1540215171241547,-0.9982190546862897,-0.43351470184643776,0.45436946739765194,0.7003579228389658,-0.5204341269025883
0.6692122062371387,-0.5739197559379918,-0.13850410043870676,-0.43351470184643787,-0.4994378796987647,0.054515825249022064,-0.3619273514715353,-0.44570089658904444,-0.1414213562373095,-0.1540215171241547,-0.9982190546862897,-0.43351470184643776,0.45436946739765194,0.7003579228389658,-0.4536614025131644
-0.7264310937592733,1.7424038633513133,0.3936931622059127,-0.43351470184643787,-0.06898975800365384,0.054515825249022064,0.2339344639501207,0.09996529011649863,-0.1414213562373095,-0.1540215171241547,1.001784122738741,-0.43351470184643776,0.45436946739765194,-0.9408316958438236,-0.0033725979466968366
0.6692122062371387,1.7424038633513133,-1.3211646840934168,-0.43351470184643787,-0.6613452109385554,-1.8569452975448113,-0.6645950218972813,-0.6884985622689684,-0.1414213562373095,-0.1540215171241547,-0.9982190546862897,-0.43351470184643776,0.45436946739765194,0.7003579228389658,-0.7333703475514028
-0.7264310937592733,-0.5739197559379918,0.09802801629223523,-0.43351470184643787,-0.06898975800365384,0.054515825249022064,0.2339344639501207,0.09996529011649863,-0.1414213562373095,-0.1540215171241547,1.001784122738741,-0.43351470184643776,0.45436946739765194,-0.9408316958438236,-0.08219295297046078
-0.7264310937592733,-0.5739197559379918,-0.49330227553511974,-0.43351470184643787,-0.06898975800365384,0.054515825249022064,0.2339344639501207,0.09996529011649863,-0.1414213562373095,-0.1540215171241547,1.001784122738741,-0.43351470184643776,0.45436946739765194,-0.9408316958438236,-0.23983366301798867
0.6692122062371387,1.7424038633513133,0.21629407465770623,-0.43351470184643787,-0.5566925883576406,0.054515825249022064,-0.46221002403799905,-0.5284866388014449,-0.1414213562373095,-0.1540215171241547,-0.9982190546862897,-0.43351470184643776,0.45436946739765194,0.7003579228389658,-0.4375388807861804
0.6692122062371387,-0.5739197559379918,-0.13850410043870676,-0.43351470184643787,-0.6159281336511306,0.054515825249022064,-0.5734361148767743,-0.6175617033681446,-0.1414213562373095,-0.1540215171241547,-0.9982190546862897,-0.43351470184643776,0.45436946739765194,0.7003579228389658,-0.5371256103307592
-2.1220743937556854,-0.5739197559379918,-0.13850410043870676,-0.43351470184643787,1.2152368639592128,0.054515825249022064,1.2624967838426646,1.3107610816512048,-0.1414213562373095,-0.1540215171241547,1.001784122738741,-0.43351470184643776,0.45436946739765194,-1.9255454670534973,0.774887461349483
0.6692122062371387,1.7424038633513133,-0.13850410043870676,-0.43351470184643787,-0.5543231665459009,0.054515825249022064,-0.45792596570932803,-0.5249987603835852,-0.1414213562373095,-0.1540215171241547,-0.9982190546862897,-0.43351470184643776,0.45436946739765194,0.7003579228389658,-0.4929862115174513
-0.7264310937592733,-0.5739197559379918,-0.25677015880417775,-0.43351470184643787,-0.06898975800365384,0.054515825249022064,0.2339344639501207,0.09996529011649863,-0.1414213562373095,-0.1540215171241547,1.001784122738741,-0.43351470184643776,0.45436946739765194,-0.9408316958438236,-0.1767773789989775
-2.1220743937556854,-0.5739197559379918,-0.37503621716964874,-0.43351470184643787,1.5422170739792782,0.054515825249022064,1.4417647418231445,1.5647633593038992,-0.1414213562373095,-0.1540215171241547,1.001784122738741,-0.43351470184643776,0.45436946739765194,-1.9255454670534973,0.8636513073147065
0.6692122062371387,-0.5739197559379918,-1.2028986257279457,-0.43351470184643787,-0.5278709414396399,-1.8569452975448113,-0.4109013510734028,-0.4864295782965829,-0.1414213562373095,-0.1540215171241547,-0.9982190546862897,-0.43351470184643776,0.45436946739765194,0.7003579228389658,-0.6521060764735637
-0.7264310937592733,1.7424038633513133,-1.2028986257279457,-0.43351470184643787,1.1631095841009413,-1.8569452975448113,1.2318567147247172,1.2687740898556952,-0.1414213562373095,-0.1540215171241547,1.001784122738741,-0.43351470184643776,0.45436946739765194,-0.9408316958438236,0.17003218310558385
-0.7264310937592733,-0.5739197559379918,-0.13850410043870676,-0.43351470184643787,-1.3010891001082492,0.054515825249022064,-3.7758951430624066,-2.721788766034889,-0.1414213562373095,-0.1540215171241547,-0.9982190546862897,-0.43351470184643776,0.45436946739765194,-0.9408316958438236,-1.0280372132556281
-2.1220743937556854,-0.5739197559379918,-0.13850410043870676,-0.43351470184643787,3.4377545233709634,0.054515825249022064,2.1981891084560097,2.812126231994156,-0.1414213562373095,-0.1540215171241547,1.001784122738741,-0.43351470184643776,0.45436946739765194,-1.9255454670534973,2.3673011569988187
0.6692122062371387,-0.5739197559379918,-1.3211646840934168,1.8393988283951663,-0.6854374919203238,-1.8569452975448113,-0.7152675610724181,-0.7271520716401051,-0.1414213562373095,-0.1540215171241547,-0.9982190546862897,1.8393988283951663,-2.2008521077073766,0.7003579228389658,-0.7444672834420717
0.6692122062371387,-0.5739197559379918,-0.8481004506315327,-0.43351470184643787,-0.5527498704629057,0.054515825249022064,-0.45508800947283107,-0.5226858652188192,-0.1414213562373095,-0.1540215171241547,-0.9982190546862897,-0.43351470184643776,0.45436946739765194,0.7003579228389658,-0.6067542993379057
-0.7264310937592733,-0.5739197559379918,2.226817066870713,-0.43351470184643787,-0.06898975800365384,1.9659769480428555,0.2339344639501207,0.09996529011649863,-0.1414213562373095,-0.1540215171241547,1.001784122738741,-0.43351470184643776,0.45436946739765194,-0.9408316958438236,0.4853136032006396
-2.1220743937556854,-0.5739197559379918,1.8720188917743001,-0.43351470184643787,1.2152368639592128,1.9659769480428555,1.2624967838426646,1.3107610816512048,-0.1414213562373095,-0.1540215171241547,1.001784122738741,-0.43351470184643776,0.45436946739765194,-1.9255454670534973,1.8695202995025861
0.6692122062371387,-0.5739197559379918,0.09802801629223523,-0.43351470184643787,-0.5381352767280958,0.054515825249022064,-0.4289760581161205,-0.5013161478584928,-0.1414213562373095,-0.1540215171241547,-0.9982190546862897,-0.43351470184643776,0.45436946739765194,0.7003579228389658,-0.44234134438673595
0.6692122062371387,-0.5739197559379918,-1.2028986257279457,-0.43351470184643787,-0.5527498704629057,-1.8569452975448113,-0.45508800947283107,-0.5226858652188192,-0.1414213562373095,-0.1540215171241547,-0.9982190546862897,-0.43351470184643776,0.45436946739765194,0.7003579228389658,-0.6642019694175951
-0.7264310937592733,-0.5739197559379918,2.936413417063539,1.8393988283951663,1.1631095841009413,1.9659769480428555,1.2318567147247172,1.2687740898556952,-0.1414213562373095,6.492599337233598,1.001784122738741,1.8393988283951663,-2.2008521077073766,-0.9408316958438236,2.377002123770974
-0.7264310937592733,-0.5739197559379918,0.5710922497541192,1.8393988283951663,0.6892252217530201,0.054515825249022064,0.9206885222177197,0.8645980488907593,-0.1414213562373095,-0.1540215171241547,1.001784122738741,1.8393988283951663,-2.2008521077073766,-0.9408316958438236,0.7035853555741397
-0.7264310937592733,1.7424038633513133,-0.13850410043870676,1.8393988283951663,0.9735558391617729,0.054515825249022064,1.1149207702603554,1.1122200105066022,-0.1414213562373095,-0.1540215171241547,1.001784122738741,1.8393988283951663,-2.2008521077073766,-0.9408316958438236,0.6017252044665063
-2.1220743937556854,-0.5739197559379918,2.108551008505242,-0.43351470184643787,1.124014124207238,1.9659769480428555,1.2084642424365795,1.2369916182967526,-0.1414213562373095,-0.1540215171241547,1.001784122738741,-0.43351470184643776,0.45436946739765194,-1.9255454670534973,1.8885887623141044
0.6692122062371387,1.7424038633513133,-0.6115683339005907,-0.43351470184643787,-0.4623137787524285,0.054515825249022064,-0.30027122869672707,-0.39359502595273854,-0.1414213562373095,-0.1540215171241547,1.001784122738741,-0.43351470184643776,0.45436946739765194,0.7003579228389658,-0.5129158776541678
0.6692122062371387,1.7424038633513133,-1.3211646840934168,-0.43351470184643787,-0.36832355432434183,-1.8569452975448113,-0.15451601750275984,-0.26661325790072904,-0.1414213562373095,-0.1540215171241547,1.001784122738741,-0.43351470184643776,0.45436946739765194,0.7003579228389658,-0.5984041921887728
-2.1220743937556854,-0.5739197559379918,-0.13850410043870676,-0.43351470184643787,1.1631095841009413,0.054515825249022064,1.2318567147247172,1.2687740898556952,-0.1414213562373095,-0.1540215171241547,1.001784122738741,-0.43351470184643776,0.45436946739765194,-1.9255454670534973,0.7375387392766842
0.6692122062371387,-0.5739197559379918,-0.13850410043870676,-0.43351470184643787,-0.5527498704629057,0.054515825249022064,-0.45508800947283107,-0.5226858652188192,-0.1414213562373095,-0.1540215171241547,-0.9982190546862897,-0.43351470184643776,0.45436946739765194,0.7003579228389658,-0.49185895917852684
0.6692122062371387,1.7424038633513133,-1.6759628591898297,1.8393988283951663,0.0688347699416156,-1.8569452975448113,0.3840885804681165,0.2536054311163013,7.071067811865475,-0.1540215171241547,1.001784122738741,1.8393988283951663,-2.2008521077073766,0.7003579228389658,-0.5022132860627871
-0.7264310937592733,-0.5739197559379918,-1.2028986257279457,-0.43351470184643787,-0.30593193917761446,-1.8569452975448113,-0.06495057845514184,-0.18583032924293927,-0.1414213562373095,-0.1540215171241547,1.001784122738741,-0.43351470184643776,0.45436946739765194,-0.9408316958438236,-0.5442014954943695
-0.7264310937592733,1.7424038633513133,-0.25677015880417775,1.8393988283951663,0.012357231636990314,0.054515825249022064,0.3243417771796692,0.19162696667867124,-0.1414213562373095,-0.1540215171241547,1.001784122738741,1.8393988283951663,-2.2008521077073766,-0.9408316958438236,-0.12057458548032493
-2.1220743937556854,-0.5739197559379918,-0.13850410043870676,-0.43351470184643787,3.6273082683101316,0.054515825249022064,2.25663544457916,2.9217193462678863,-0.1414213562373095,-0.1540215171241547,1.001784122738741,-0.43351470184643776,0.45436946739765194,-1.9255454670534973,2.5031146918089964
-2.1220743937556854,-0.5739197559379918,1.8720188917743001,-0.43351470184643787,1.2152368639592128,1.9659769480428555,1.2624967838426646,1.3107610816512048,-0.1414213562373095,-0.1540215171241547,1.001784122738741,-0.43351470184643776,0.45436946739765194,-1.9255454670534973,1.8695202995025861
0.6692122062371387,-0.5739197559379918,0.6302252789368548,-0.43351470184643787,-0.6909629835853005,0.054515825249022064,-0.7271313130949015,-0.7361232081685496,-0.1414213562373095,-0.1540215171241547,-0.9982190546862897,-0.43351470184643776,0.45436946739765194,0.7003579228389658,-0.489406190992272
-0.7264310937592733,-0.5739197559379918,0.8076243664850612,-0.43351470184643787,-0.06898975800365384,0.054515825249022064,0.2339344639501207,0.09996529011649863,-0.1414213562373095,-0.1540215171241547,1.001784122738741,-0.43351470184643776,0.45436946739765194,-0.9408316958438236,0.10697589908657268
-0.7264310937592733,1.7424038633513133,-0.9663665089970037,-0.43351470184643787,-0.30593193917761446,0.054515825249022064,-0.06495057845514184,-0.18583032924293927,-0.1414213562373095,-0.1540215171241547,1.001784122738741,-0.43351470184643776,0.45436946739765194,-0.9408316958438236,-0.49327141994055274
0.6692122062371387,1.7424038633513133,-0.13850410043870676,-0.43351470184643787,-0.5381352767280958,0.054515825249022064,-0.4289760581161205,-0.5013161478584928,-0.1414213562373095,-0.1540215171241547,-0.9982190546862897,-0.43351470184643776,0.45436946739765194,0.7003579228389658,-0.4813877356446621
0.6692122062371387,-0.5739197559379918,-0.13850410043870676,-0.43351470184643787,-0.6159281336511306,0.054515825249022064,-0.5734361148767743,-0.6175617033681446,-0.1414213562373095,-0.1540215171241547,-0.9982190546862897,-0.43351470184643776,0.45436946739765194,0.7003579228389658,-0.5371256103307592
-2.1220743937556854,-0.5739197559379918,-0.13850410043870676,-0.43351470184643787,1.1560013186657228,0.054515825249022064,1.2276302380280941,1.2630143136674823,-0.1414213562373095,-0.1540215171241547,1.001784122738741,-0.43351470184643776,0.45436946739765194,-1.9255454670534973,0.7324457317213025
0.6692122062371387,1.7424038633513133,-1.7350958883725651,1.8393988283951663,0.0688347699416156,-1.8569452975448113,0.3840885804681165,0.2536054311163013,7.071067811865475,-0.1540215171241547,1.001784122738741,1.8393988283951663,-2.2008521077073766,0.7003579228389658,-0.5197407503025484
0.6692122062371387,-0.5739197559379918,1.5172207166778873,-0.43351470184643787,-0.48008444234047554,1.9659769480428555,-0.32947297427453565,-0.41839012829598876,-0.1414213562373095,-0.1540215171241547,1.001784122738741,-0.43351470184643776,0.45436946739765194,0.7003579228389658,-0.14567365428575377
0.6692122062371387,-0.5739197559379918,0.8076243664850612,-0.43351470184643787,-0.5906606194507394,0.054515825249022064,-0.5249923491592806,-0.5791129047029968,-0.1414213562373095,-0.1540215171241547,-0.9982190546862897,-0.43351470184643776,0.45436946739765194,0.7003579228389658,-0.3735886526791152
-2.1220743937556854,1.7424038633513133,2.8181473586980683,4.11231235863677,3.577948473127972,1.9659769480428555,2.241631178172475,2.8933872764456736,-0.1414213562373095,6.492599337233598,1.001784122738741,4.11231235863677,-2.2008521077073766,-1.9255454670534973,5.588986401451617
0.6692122062371387,-0.5739197559379918,-0.02023804207323576,-0.43351470184643787,-0.5665683384689711,0.054515825249022064,-0.4801972249691366,-0.5430842526052514,-0.1414213562373095,-0.1540215171241547,-0.9982190546862897,-0.43351470184643776,0.45436946739765194,0.7003579228389658,-0.48296414274513744
0.6692122062371387,-0.5739197559379918,-0.13850410043870676,-0.43351470184643787,-0.5381352767280958,0.054515825249022064,-0.4289760581161205,-0.5013161478584928,-0.1414213562373095,-0.1540215171241547,-0.9982190546862897,-0.43351470184643776,0.45436946739765194,0.7003579228389658,-0.4813877356446621
-0.7264310937592733,1.7424038633513133,1.2806885999469453,-0.43351470184643787,0.19164664128770287,0.054515825249022064,0.5064281901769981,0.38411332348828275,-0.1414213562373095,-0.1540215171241547,1.001784122738741,-0.43351470184643776,0.45436946739765194,-0.9408316958438236,0.49986505335887293
-0.7264310937592733,1.7424038633513133,-0.13850410043870676,-0.43351470184643787,-0.06898975800365384,0.054515825249022064,0.2339344639501207,0.09996529011649863,-0.1414213562373095,-0.1540215171241547,1.001784122738741,-0.43351470184643776,0.45436946739765194,-0.9408316958438236,-0.14524923698947192
-2.1220743937556854,-0.5739197559379918,0.6893583081195902,-0.43351470184643787,1.190357934935947,0.054515825249022064,1.247950164757452,1.290776640814541,-0.1414213562373095,-0.1540215171241547,1.001784122738741,-0.43351470184643776,0.45436946739765194,-1.9255454670534973,1.203336721945966
-2.1220743937556854,-0.5739197559379918,2.108551008505242,-0.43351470184643787,2.3478204899707444,1.9659769480428555,1.8099400387152251,2.1342019370211127,-0.1414213562373095,-0.1540215171241547,1.001784122738741,-0.43351470184643776,0.45436946739765194,-1.9255454670534973,3.3604376302982444
-2.1220743937556854,1.7424038633513133,-0.13850410043870676,1.8393988283951663,3.6142764483455636,0.054515825249022064,2.2526884376790037,2.914253038442111,-0.1414213562373095,-0.1540215171241547,1.001784122738741,1.8393988283951663,-2.2008521077073766,-1.9255454670534973,2.4937775112907965
0.6692122062371387,-0.5739197559379918,-0.49330227553511974,-0.43351470184643787,-0.5527498704629057,0.054515825249022064,-0.45508800947283107,-0.5226858652188192,-0.1414213562373095,-0.1540215171241547,-0.9982190546862897,-0.43351470184643776,0.45436946739765194,0.7003579228389658,-0.5493066292582163
0.6692122062371387,-0.5739197559379918,0.8076243664850612,1.8393988283951663,0.17269126679378607,0.054515825249022064,0.48817671074578306,0.364330306341088,-0.1414213562373095,-0.1540215171241547,1.001784122738741,1.8393988283951663,-2.2008521077073766,0.7003579228389658,0.329613086507543
-0.7264310937592733,-0.5739197559379918,0.09802801629223523,-0.43351470184643787,-0.30593193917761446,0.054515825249022064,-0.06495057845514184,-0.18583032924293927,-0.1414213562373095,-0.1540215171241547,1.001784122738741,-0.43351470184643776,0.45436946739765194,-0.9408316958438236,-0.2640860799483776
0.6692122062371387,-0.5739197559379918,1.9311519209570358,-0.43351470184643787,-0.6163261965155029,1.9659769480428555,-0.5742117895602027,-0.6181730460941338,-0.1414213562373095,-0.1540215171241547,-0.9982190546862897,-0.43351470184643776,0.45436946739765194,0.7003579228389658,-0.23076932219025578
-0.7264310937592733,1.7424038633513133,0.5710922497541192,-0.43351470184643787,-0.30593193917761446,0.054515825249022064,-0.06495057845514184,-0.18583032924293927,-0.1414213562373095,-0.1540215171241547,1.001784122738741,-0.43351470184643776,0.45436946739765194,-0.9408316958438236,-0.16222592884074416
-2.1220743937556854,-0.5739197559379918,1.1624225415814742,-0.43351470184643787,-1.3010891001082492,0.054515825249022064,-3.7758951430624066,-2.721788766034889,-0.1414213562373095,-0.1540215171241547,-0.9982190546862897,-0.43351470184643776,0.45436946739765194,-1.9255454670534973,-1.0280372132556281
0.6692122062371387,-0.5739197559379918,-0.13850410043870676,-0.43351470184643787,-0.6159281336511306,0.054515825249022064,-0.5734361148767743,-0.6175617033681446,-0.1414213562373095,-0.1540215171241547,-0.9982190546862897,-0.43351470184643776,0.45436946739765194,0.7003579228389658,-0.5371256103307592
0.6692122062371387,-0.5739197559379918,-0.13850410043870676,4.11231235863677,-0.5499823857867939,0.054515825249022064,-0.45010876863369487,-0.51862329107446,-0.1414213562373095,-0.1540215171241547,-0.9982190546862897,4.11231235863677,-2.2008521077073766,0.7003579228389658,-0.48987608157029827
0.6692122062371387,-0.5739197559379918,-0.02023804207323576,-0.43351470184643787,-0.5381352767280958,0.054515825249022064,-0.4289760581161205,-0.5013161478584928,-0.1414213562373095,-0.1540215171241547,-0.9982190546862897,-0.43351470184643776,0.45436946739765194,0.7003579228389658,-0.46186454001569904
0.6692122062371387,-0.5739197559379918,-0.13850410043870676,-0.43351470184643787,-0.5527498704629057,0.054515825249022064,-0.45508800947283107,-0.5226858652188192,-0.1414213562373095,-0.1540215171241547,-0.9982190546862897,-0.43351470184643776,0.45436946739765194,0.7003579228389658,-0.49185895917852684
0.6692122062371387,-0.5739197559379918,0.4528261913886482,-0.43351470184643787,-0.40070881164719874,0.054515825249022064,-0.20317468050793058,-0.3096111421796199,-0.1414213562373095,-0.1540215171241547,1.001784122738741,-0.43351470184643776,0.45436946739765194,0.7003579228389658,-0.2677239424879359
-0.7264310937592733,-0.5739197559379918,0.5710922497541192,1.8393988283951663,0.6892252217530201,0.054515825249022064,0.9206885222177197,0.8645980488907593,-0.1414213562373095,-0.1540215171241547,1.001784122738741,1.8393988283951663,-2.2008521077073766,-0.9408316958438236,0.7035853555741397
0.6692122062371387,-0.5739197559379918,-0.13850410043870676,-0.43351470184643787,-0.5665683384689711,0.054515825249022064,-0.4801972249691366,-0.5430842526052514,-0.1414213562373095,-0.1540215171241547,-0.9982190546862897,-0.43351470184643776,0.45436946739765194,0.7003579228389658,-0.5017597658661889
0.6692122062371387,-0.5739197559379918,1.0441564832160033,-0.43351470184643787,-0.5527498704629057,0.054515825249022064,-0.45508800947283107,-0.5226858652188192,-0.1414213562373095,-0.1540215171241547,-0.9982190546862897,-0.43351470184643776,0.45436946739765194,0.7003579228389658,-0.30036672557956207
0.6692122062371387,-0.5739197559379918,0.6893583081195902,-0.43351470184643787,-0.5381352767280958,0.054515825249022064,-0.4289760581161205,-0.5013161478584928,-0.1414213562373095,-0.1540215171241547,-0.9982190546862897,-0.43351470184643776,0.45436946739765194,0.7003579228389658,-0.3447253662419207
-2.1220743937556854,-0.5739197559379918,-0.13850410043870676,-0.43351470184643787,2.0634898725619917,0.054515825249022064,1.689923672734081,1.9411708945070794,-0.1414213562373095,-0.1540215171241547,1.001784122738741,-0.43351470184643776,0.45436946739765194,-1.9255454670534973,1.382653029625029
0.6692122062371387,-0.5739197559379918,-1.4394307424588877,-0.43351470184643787,-0.48008444234047554,-1.8569452975448113,-0.32947297427453565,-0.41839012829598876,-0.1414213562373095,-0.1540215171241547,1.001784122738741,-0.43351470184643776,0.45436946739765194,0.7003579228389658,-0.6708900584344885
0.6692122062371387,-0.5739197559379918,-0.13850410043870676,-0.43351470184643787,-0.5527498704629057,0.054515825249022064,-0.45508800947283107,-0.5226858652188192,-0.1414213562373095,-0.1540215171241547,-0.9982190546862897,-0.43351470184643776,0.45436946739765194,0.7003579228389658,-0.49185895917852684
0.6692122062371387,-0.5739197559379918,0.3345601330231772,-0.43351470184643787,-0.5499823857867939,0.054515825249022064,-0.45010876863369487,-0.51862329107446,-0.1414213562373095,-0.1540215171241547,-0.9982190546862897,-0.43351470184643776,0.45436946739765194,0.7003579228389658,-0.41299591990096546
-0.7264310937592733,-0.5739197559379918,-0.13850410043870676,-0.43351470184643787,-1.3010891001082492,0.054515825249022064,-3.7758951430624066,-2.721788766034889,-0.1414213562373095,-0.1540215171241547,-0.9982190546862897,-0.43351470184643776,0.45436946739765194,-0.9408316958438236,-1.0280372132556281
0.6692122062371387,-0.5739197559379918,1.1624225415814742,-0.43351470184643787,0.9877723700322104,0.054515825249022064,1.124010034011741,1.1241826254621172,-0.1414213562373095,-0.1540215171241547,1.001784122738741,-0.43351470184643776,0.45436946739765194,0.7003579228389658,1.2561766753330506
0.6692122062371387,-0.5739197559379918,-1.3211646840934168,-0.43351470184643787,-0.5622275577098642,-1.8569452975448113,-0.4722649021749008,-0.5366560153840662,-0.1414213562373095,-0.1540215171241547,-0.9982190546862897,-0.43351470184643776,0.45436946739765194,0.7003579228389658,-0.6877166278249616
0.6692122062371387,-0.5739197559379918,1.2806885999469453,-0.43351470184643787,-0.6163261965155029,0.054515825249022064,-0.5742117895602027,-0.6181730460941338,-0.1414213562373095,-0.1540215171241547,-0.9982190546862897,-0.43351470184643776,0.45436946739765194,0.7003579228389658,-0.3271423639673887
0.6692122062371387,-0.5739197559379918,-0.13850410043870676,-0.43351470184643787,-0.6163261965155029,0.054515825249022064,-0.5742117895602027,-0.6181730460941338,-0.1414213562373095,-0.1540215171241547,-0.9982190546862897,-0.43351470184643776,0.45436946739765194,0.7003579228389658,-0.5374108187538605
0.6692122062371387,-0.5739197559379918,0.09802801629223523,-0.43351470184643787,-0.6163261965155029,0.054515825249022064,-0.5742117895602027,-0.6181730460941338,-0.1414213562373095,-0.1540215171241547,-0.9982190546862897,-0.43351470184643776,0.45436946739765194,0.7003579228389658,-0.5023660762894485
0.6692122062371387,-0.5739197559379918,-1.0846325673624748,-0.43351470184643787,-0.6159281336511306,-1.8569452975448113,-0.5734361148767743,-0.6175617033681446,-0.1414213562373095,-0.1540215171241547,-0.9982190546862897,-0.43351470184643776,0.45436946739765194,0.7003579228389658,-0.6773860683092932
-0.7264310937592733,1.7424038633513133,1.8720188917743001,-0.43351470184643787,-0.02160132176886171,1.9659769480428555,0.2872528256049958,0.1537178163712299,-0.1414213562373095,-0.1540215171241547,1.001784122738741,-0.43351470184643776,0.45436946739765194,-0.9408316958438236,0.4452971152654979
-0.7264310937592733,-0.5739197559379918,-0.13850410043870676,-0.43351470184643787,-1.3010891001082492,0.054515825249022064,-3.7758951430624066,-2.721788766034889,-0.1414213562373095,-0.1540215171241547,-0.9982190546862897,-0.43351470184643776,0.45436946739765194,-0.9408316958438236,-1.0280372132556281
0.6692122062371387,-0.5739197559379918,-0.13850410043870676,-0.43351470184643787,-0.5665683384689711,0.054515825249022064,-0.4801972249691366,-0.5430842526052514,-0.1414213562373095,-0.1540215171241547,-0.9982190546862897,-0.43351470184643776,0.45436946739765194,0.7003579228389658,-0.5017597658661889
0.6692122062371387,-0.5739197559379918,-1.0846325673624748,-0.43351470184643787,-0.5566925883576406,-1.8569452975448113,-0.46221002403799905,-0.5284866388014449,-0.1414213562373095,-0.1540215171241547,-0.9982190546862897,-0.43351470184643776,0.45436946739765194,0.7003579228389658,-0.647070547146307
0.6692122062371387,-0.5739197559379918,0.09802801629223523,-0.43351470184643787,-0.6159281336511306,0.054515825249022064,-0.5734361148767743,-0.6175617033681446,-0.1414213562373095,-0.1540215171241547,-0.9982190546862897,-0.43351470184643776,0.45436946739765194,0.7003579228389658,-0.5020604958361258
0.6692122062371387,-0.5739197559379918,-1.0846325673624748,-0.43351470184643787,-0.9207968993240422,-1.8569452975448113,-1.3266933831997443,-1.1541174770733869,-0.1414213562373095,-0.1540215171241547,-0.9982190546862897,-0.43351470184643776,0.45436946739765194,0.7003579228389658,-0.8334115673892571
-2.1220743937556854,-0.5739197559379918,2.108551008505242,-0.43351470184643787,1.9232959228049828,1.9659769480428555,1.6270652385975701,1.8429900909531247,-0.1414213562373095,-0.1540215171241547,1.001784122738741,-0.43351470184643776,0.45436946739765194,-1.9255454670534973,2.849869928499634
-0.7264310937592733,1.7424038633513133,0.8076243664850612,-0.43351470184643787,-0.06898975800365384,0.054515825249022064,0.2339344639501207,0.09996529011649863,-0.1414213562373095,-0.1540215171241547,1.001784122738741,-0.43351470184643776,0.45436946739765194,-0.9408316958438236,0.10697589908657268
0.6692122062371387,1.7424038633513133,0.21629407465770623,1.8393988283951663,0.40489460434426744,0.054515825249022064,0.6979366536968558,0.5985602327825377,-0.1414213562373095,-0.1540215171241547,1.001784122738741,1.8393988283951663,-2.2008521077073766,0.7003579228389658,0.32524765146007284
0.6692122062371387,1.7424038633513133,0.15716104547497073,-0.43351470184643787,-0.5665683384689711,0.054515825249022064,-0.4801972249691366,-0.5430842526052514,-0.1414213562373095,-0.1540215171241547,-0.9982190546862897,-0.43351470184643776,0.45436946739765194,0.7003579228389658,-0.45477070806356035
-0.7264310937592733,1.7424038633513133,-1.7942289175553008,1.8393988283951663,1.5489272765501247,-1.8569452975448113,1.4452309384263142,1.5698185100304949,7.071067811865475,-0.1540215171241547,1.001784122738741,1.8393988283951663,-2.2008521077073766,-0.9408316958438236,-0.007031802613153933
0.6692122062371387,-0.5739197559379918,-0.8481004506315327,1.8393988283951663,-0.6139567747037633,0.054515825249022064,-0.5696005041005445,-0.6145367154285629,-0.1414213562373095,-0.1540215171241547,-0.9982190546862897,1.8393988283951663,-2.2008521077073766,0.7003579228389658,-0.6412111632159251
-2.1220743937556854,-0.5739197559379918,2.581615241967126,-0.43351470184643787,1.2152368639592128,1.9659769480428555,1.2624967838426646,1.3107610816512048,-0.1414213562373095,6.492599337233598,1.001784122738741,-0.43351470184643776,0.45436946739765194,-1.9255454670534973,2.2558613012036814
-0.7264310937592733,-0.5739197559379918,-0.13850410043870676,-0.43351470184643787,-0.02160132176886171,0.054515825249022064,0.2872528256049958,0.1537178163712299,-0.1414213562373095,-0.1540215171241547,1.001784122738741,-0.43351470184643776,0.45436946739765194,-0.9408316958438236,-0.11129585328692747
0.6692122062371387,-0.5739197559379918,0.4528261913886482,-0.43351470184643787,-0.5527498704629057,0.054515825249022064,-0.45508800947283107,-0.5226858652188192,-0.1414213562373095,-0.1540215171241547,-0.9982190546862897,-0.43351470184643776,0.45436946739765194,0.7003579228389658,-0.39611284237904454
-2.1220743937556854,-0.5739197559379918,1.2806885999469453,-0.43351470184643787,1.6369939464488625,0.054515825249022064,1.490004266238657,1.6356202608243862,-0.1414213562373095,-0.1540215171241547,1.001784122738741,-0.43351470184643776,0.45436946739765194,-1.9255454670534973,1.979262486112596
0.6692122062371387,-0.5739197559379918,0.09802801629223523,-0.43351470184643787,-0.6139567747037633,0.054515825249022064,-0.5696005041005445,-0.6145367154285629,-0.1414213562373095,-0.1540215171241547,-0.9982190546862897,-0.43351470184643776,0.45436946739765194,0.7003579228389658,-0.5005471450196693
0.6692122062371387,1.7424038633513133,-0.13850410043870676,-0.43351470184643787,-0.5665683384689711,0.054515825249022064,-0.4801972249691366,-0.5430842526052514,-0.1414213562373095,-0.1540215171241547,-0.9982190546862897,-0.43351470184643776,0.45436946739765194,0.7003579228389658,-0.5017597658661889
-0.7264310937592733,1.7424038633513133,-1.4394307424588877,-0.43351470184643787,-0.16376663047323808,-1.8569452975448113,0.12133352212026777,-0.010735161013661787,-0.1414213562373095,-0.1540215171241547,1.001784122738741,-0.43351470184643776,0.45436946739765194,-0.9408316958438236,-0.5332879078756945
-0.7264310937592733,-0.5739197559379918,-0.7298343922660617,-0.43351470184643787,-0.06898975800365384,0.054515825249022064,0.2339344639501207,0.09996529011649863,-0.1414213562373095,-0.1540215171241547,1.001784122738741,-0.43351470184643776,0.45436946739765194,-0.9408316958438236,-0.30288994703699984
0.6692122062371387,1.7424038633513133,-2.85862344284454,-0.43351470184643787,-0.1187476160501856,-3.768406420338645,0.17586048842011584,0.0424003906166589,7.071067811865475,-0.1540215171241547,1.001784122738741,-0.43351470184643776,0.45436946739765194,0.7003579228389658,-0.8767627626523273
0.6692122062371387,-0.5739197559379918,-0.13850410043870676,-0.43351470184643787,-0.5381352767280958,0.054515825249022064,-0.4289760581161205,-0.5013161478584928,-0.1414213562373095,-0.1540215171241547,-0.9982190546862897,-0.43351470184643776,0.45436946739765194,0.7003579228389658,-0.4813877356446621
-2.1220743937556854,-0.5739197559379918,-0.13850410043870676,-0.43351470184643787,1.326201626246602,0.054515825249022064,1.325733512559989,1.3987154382249534,-0.1414213562373095,-0.1540215171241547,1.001784122738741,-0.43351470184643776,0.45436946739765194,-1.9255454670534973,0.8543927046273614
0.6692122062371387,-0.5739197559379918,-0.02023804207323576,-0.43351470184643787,-0.5641989166572315,0.054515825249022064,-0.47586222233462755,-0.5395730424086979,-0.1414213562373095,-0.1540215171241547,-0.9982190546862897,-0.43351470184643776,0.45436946739765194,0.7003579228389658,-0.48120584251768417
0.6692122062371387,-0.5739197559379918,-0.13850410043870676,1.8393988283951663,0.20112432853466125,0.054515825249022064,0.515472368027794,0.3939577288063111,-0.1414213562373095,-0.1540215171241547,1.001784122738741,1.8393988283951663,-2.2008521077073766,0.7003579228389658,0.04828505011503156
0.6692122062371387,-0.5739197559379918,-1.2028986257279457,-0.43351470184643787,0.07317555070072254,-1.8569452975448113,0.38858485996293163,0.25831566327109323,-0.1414213562373095,-0.1540215171241547,1.001784122738741,-0.43351470184643776,0.45436946739765194,0.7003579228389658,-0.3598831268234137
-2.1220743937556854,-0.5739197559379918,2.226817066870713,-0.43351470184643787,1.2152368639592128,1.9659769480428555,1.2624967838426646,1.3107610816512048,-0.1414213562373095,-0.1540215171241547,1.001784122738741,-0.43351470184643776,0.45436946739765194,-1.9255454670534973,2.062690800353134
0.6692122062371387,-0.5739197559379918,-0.13850410043870676,-0.43351470184643787,-0.5665683384689711,0.054515825249022064,-0.4801972249691366,-0.5430842526052514,-0.1414213562373095,-0.1540215171241547,-0.9982190546862897,-0.43351470184643776,0.45436946739765194,0.7003579228389658,-0.5017597658661889
0.6692122062371387,-0.5739197559379918,0.3345601330231772,-0.43351470184643787,-0.5381352767280958,0.054515825249022064,-0.4289760581161205,-0.5013161478584928,-0.1414213562373095,-0.1540215171241547,-0.9982190546862897,-0.43351470184643776,0.45436946739765194,0.7003579228389658,-0.4032949531288098
-2.1220743937556854,1.7424038633513133,2.4633491836016552,-0.43351470184643787,1.4201918506746887,1.9659769480428555,1.3773120105235803,1.4717724391589915,-0.1414213562373095,-0.1540215171241547,1.001784122738741,-0.43351470184643776,0.45436946739765194,-1.9255454670534973,2.453700392313329
0.6692122062371387,-0.5739197559379918,-0.8481004506315327,-0.43351470184643787,-0.4149253425176364,0.054515825249022064,-0.2250371784519865,-0.328730420859866,-0.1414213562373095,-0.1540215171241547,1.001784122738741,-0.43351470184643776,0.45436946739765194,0.7003579228389658,-0.5291649969975283
0.6692122062371387,-0.5739197559379918,-0.13850410043870676,-0.43351470184643787,-0.6159281336511306,0.054515825249022064,-0.5734361148767743,-0.6175617033681446,-0.1414213562373095,-0.1540215171241547,-0.9982190546862897,-0.43351470184643776,0.45436946739765194,0.7003579228389658,-0.5371256103307592
0.6692122062371387,-0.5739197559379918,-0.13850410043870676,-0.43351470184643787,-0.5527498704629057,0.054515825249022064,-0.45508800947283107,-0.5226858652188192,-0.1414213562373095,-0.1540215171241547,-0.9982190546862897,-0.43351470184643776,0.45436946739765194,0.7003579228389658,-0.49185895917852684
0.6692122062371387,1.7424038633513133,-0.13850410043870676,1.8393988283951663,0.16795242317030679,0.054515825249022064,0.48357937775966836,0.3593647052607798,-0.1414213562373095,-0.1540215171241547,1.001784122738741,1.8393988283951663,-2.2008521077073766,0.7003579228389658,0.024517681523250404
-0.7264310937592733,1.7424038633513133,0.6893583081195902,-0.43351470184643787,0.6892252217530201,0.054515825249022064,0.9206885222177197,0.8645980488907593,-0.1414213562373095,-0.1540215171241547,1.001784122738741,-0.43351470184643776,0.45436946739765194,-0.9408316958438236,0.7545154311279565
-2.1220743937556854,-0.5739197559379918,1.0441564832160033,-0.43351470184643787,-1.3010891001082492,0.054515825249022064,-3.7758951430624066,-2.721788766034889,-0.1414213562373095,-0.1540215171241547,-0.9982190546862897,-0.43351470184643776,0.45436946739765194,-1.9255454670534973,-1.0280372132556281
0.6692122062371387,1.7424038633513133,-0.25677015880417775,-0.43351470184643787,-0.5499823857867939,0.054515825249022064,-0.45010876863369487,-0.51862329107446,-0.1414213562373095,-0.1540215171241547,-0.9982190546862897,-0.43351470184643776,0.45436946739765194,0.7003579228389658,-0.5090961219876315
